ticker,trade_date,open_price,high_price,low_price,close_price,volume,turnover,shares_outstanding
007390,2020-01-02,6680,6680,6500,6570,1090338,7167000000,61190399
007390,2020-01-03,6580,6810,6500,6560,2196930,14516000000,61190399
007390,2020-01-06,6540,6850,6200,6280,3598276,23380000000,61190399
007390,2020-01-07,6290,6660,6280,6470,3224921,20918000000,61190399
007390,2020-01-08,6440,6480,6020,6100,2193624,13617000000,61190399
007390,2020-01-09,6290,6570,6250,6480,2042899,13163000000,61190399
007390,2020-01-10,6550,6560,6330,6510,1179022,7608000000,61190399
007390,2020-01-13,6510,6630,6420,6530,1042932,6808000000,61190399
007390,2020-01-14,6560,6780,6550,6610,2055902,13707000000,61190399
007390,2020-01-15,6650,6740,6570,6660,884499,5898000000,61190399
007390,2020-01-16,6650,6840,6630,6700,1322839,8888000000,61190399
007390,2020-01-17,6830,6830,6610,6630,817015,5466000000,61190399
007390,2020-01-20,6600,6630,6390,6460,1090334,7053000000,61190399
007390,2020-01-21,6460,6460,6310,6390,825752,5263000000,61190399
007390,2020-01-22,6450,6690,6210,6470,1773871,11502000000,61190399
007390,2020-01-23,6510,6510,6360,6430,555378,3562000000,61190399
007390,2020-01-28,6100,6470,6100,6250,1196375,7485000000,61190399
007390,2020-01-29,6340,6430,6240,6360,599693,3805000000,61190399
007390,2020-01-30,6340,6390,6110,6120,819153,5080000000,61190399
007390,2020-01-31,6060,6170,5900,5910,924578,5589000000,61190399
007390,2020-02-03,5560,6050,5550,6040,1066767,6197000000,61190399
007390,2020-02-04,6100,6280,6030,6280,718750,4448000000,61190399
007390,2020-02-05,6290,6400,6170,6310,718296,4516000000,61190399
007390,2020-02-06,6400,6490,6250,6260,1459889,9282000000,61190399
007390,2020-02-07,6310,8130,6310,8130,5923028,44484000000,61190399
007390,2020-02-10,10550,10550,9500,10000,18531157,185025000000,61190399
007390,2020-02-11,9750,9750,9200,9290,5043535,47277000000,61190399
007390,2020-02-12,9100,9500,8850,9080,4839548,44530000000,61190399
007390,2020-02-13,9140,9190,8400,8740,3742660,32792000000,61190399
007390,2020-02-14,8670,8980,8500,8770,2310737,20135000000,61190399
007390,2020-02-17,8720,8920,8610,8770,1439242,12617000000,61190399
007390,2020-02-18,8680,8880,8570,8650,1337751,11604000000,61190399
007390,2020-02-19,8670,8780,8190,8720,1803177,15345000000,61190399
007390,2020-02-20,8800,8860,8480,8480,1444345,12470000000,61190399
007390,2020-02-21,8180,8450,8040,8370,1173066,9717000000,61190399
007390,2020-02-24,8150,8280,7460,7460,1743162,13531000000,61190399
007390,2020-02-25,7360,8470,7350,7940,3215556,25480000000,61190399
007390,2020-02-26,7760,8000,7550,7960,1290115,9958000000,61190399
007390,2020-02-27,7880,8070,7430,7500,1388145,10726000000,61190399
007390,2020-02-28,7130,7460,7100,7260,1152353,8374000000,61190399
007390,2020-03-02,7260,8040,7220,7670,1793183,13713000000,61190399
007390,2020-03-03,7900,7910,7620,7630,950422,7399000000,61190399
007390,2020-03-04,7540,7930,7500,7810,741333,5776000000,61190399
007390,2020-03-05,8000,8050,7830,7910,955209,7583000000,61190399
007390,2020-03-06,7710,7960,7620,7960,881272,6855000000,61190399
007390,2020-03-09,7770,7850,7480,7480,951578,7256000000,61190399
007390,2020-03-10,7240,8700,7190,7590,11145930,90363000000,61190399
007390,2020-03-11,7730,7820,7050,7140,2145694,16011000000,61190399
007390,2020-03-12,7060,7280,6870,7150,1697972,12009000000,61190399
007390,2020-03-13,6700,6930,6190,6670,1637994,10852000000,61190399
007390,2020-03-16,7000,7110,6510,6520,1221705,8379000000,61190399
007390,2020-03-17,6040,6900,6030,6870,1736146,11455000000,61190399
007390,2020-03-18,6920,8200,6900,7020,5109531,38439000000,61190399
007390,2020-03-19,7290,7430,6290,6700,2399297,16815000000,61190399
007390,2020-03-20,6970,7280,6910,7220,1766201,12488000000,61190399
007390,2020-03-23,6970,7120,6740,6840,1213607,8418000000,61190399
007390,2020-03-24,6990,7230,6900,7150,1769920,12548000000,61190399
007390,2020-03-25,7500,7550,7220,7430,2199343,16246000000,61190399
007390,2020-03-26,7510,8450,7360,8200,6197376,49709000000,61190399
007390,2020-03-27,8500,8690,7560,7890,6007938,49004000000,61190399
007390,2020-03-30,7800,8330,7650,8250,2533477,20438000000,61190399
007390,2020-03-31,8400,9290,8260,8900,5903089,51549000000,61190399
007390,2020-04-01,9040,9230,8620,8800,4198909,37682000000,61190399
007390,2020-04-02,8800,9040,8530,8890,1849099,16286000000,61190399
007390,2020-04-03,9000,9120,8730,8890,1443466,12887000000,61190399
007390,2020-04-06,8960,9430,8950,9250,1890868,17424000000,61190399
007390,2020-04-07,9430,9450,8780,9040,1738783,15706000000,61190399
007390,2020-04-08,8850,9640,8840,9190,4777803,44734000000,61190399
007390,2020-04-09,9350,9360,8880,8890,2027675,18307000000,61190399
007390,2020-04-10,8890,8920,8360,8570,1831061,15811000000,61190399
007390,2020-04-13,8770,9210,8550,8590,2668559,23796000000,61190399
007390,2020-04-14,8780,9060,8590,8890,1349098,11918000000,61190399
007390,2020-04-16,8940,9720,8750,9340,4239127,39714000000,61190399
007390,2020-04-17,9500,11850,9380,10900,17545962,190250000000,61190399
007390,2020-04-20,11700,14150,11200,12700,21651411,281408000000,61190399
007390,2020-04-21,12350,12900,11250,12450,6531821,79264000000,61190399
007390,2020-04-22,11900,13250,11800,12500,4460587,56160000000,61190399
007390,2020-04-23,12800,13000,12250,12450,2030172,25441000000,61190399
007390,2020-04-24,12100,12300,11700,11800,2065887,24691000000,61190399
007390,2020-04-27,11900,12350,11750,12050,1435612,17240000000,61190399
007390,2020-04-28,12100,12300,11350,11350,3440652,40512000000,61190399
007390,2020-04-29,11250,11500,10800,11050,2400218,26672000000,61190399
007390,2020-05-04,10950,11250,10650,10700,1640230,17925000000,61190399
007390,2020-05-06,10750,11250,10600,11250,1602918,17477000000,61190399
007390,2020-05-07,11050,11150,10800,10950,852067,9344000000,61190399
007390,2020-05-08,11050,11350,10950,11250,962434,10710000000,61190399
007390,2020-05-11,11350,11350,11050,11100,898488,10043000000,61190399
007390,2020-05-12,11050,11100,10550,10800,824982,8934000000,61190399
007390,2020-05-13,10650,11100,10600,11050,701035,7714000000,61190399
007390,2020-05-14,11350,12050,11200,11650,3512510,40866000000,61190399
007390,2020-05-15,11500,11850,11050,11850,1440765,16470000000,61190399
007390,2020-05-18,12150,12200,9440,9880,5683594,57815000000,61190399
007390,2020-05-19,9830,10100,9570,10000,2088281,20421000000,61190399
007390,2020-05-20,10150,10350,9900,10250,1467730,14815000000,61190399
007390,2020-05-21,10300,10650,10150,10250,1489224,15448000000,61190399
007390,2020-05-22,10300,10300,9850,9900,1244760,12424000000,61190399
007390,2020-05-25,9980,10100,9860,10000,788049,7851000000,61190399
007390,2020-05-26,10000,10050,9910,9940,751171,7488000000,61190399
007390,2020-05-27,9980,10300,9860,10250,1200087,12046000000,61190399
007390,2020-05-28,10150,10300,9830,9950,977567,9778000000,61190399
007390,2020-05-29,9890,10100,9780,9910,861159,8571000000,61190399
007390,2020-06-01,9920,10100,9810,10050,818461,8163000000,61190399
007390,2020-06-02,10000,10450,9980,10450,1592925,16348000000,61190399
007390,2020-06-03,10400,10600,10100,10150,1128811,11639000000,61190399
007390,2020-06-04,10150,10300,10000,10050,705460,7134000000,61190399
007390,2020-06-05,10050,10350,10000,10250,747192,7629000000,61190399
007390,2020-06-08,10400,11050,10150,10750,1895761,20213000000,61190399
007390,2020-06-09,10750,10950,10350,10500,767411,8101000000,61190399
007390,2020-06-10,10450,10750,10350,10700,650929,6903000000,61190399
007390,2020-06-11,10700,10800,10100,10300,1916315,19879000000,61190399
007390,2020-06-12,10000,11000,9710,10450,3405154,35640000000,61190399
007390,2020-06-15,10250,10350,9620,9640,1306939,13076000000,61190399
007390,2020-06-16,9830,10200,9820,10150,963512,9660000000,61190399
007390,2020-06-17,9980,10500,9830,10100,1265230,12789000000,61190399
007390,2020-06-18,10050,10100,9890,9910,905426,9020000000,61190399
007390,2020-06-19,10000,10000,9710,9740,683350,6702000000,61190399
007390,2020-06-22,9740,9870,9570,9590,608830,5924000000,61190399
007390,2020-06-23,9600,9630,9150,9330,1119649,10473000000,61190399
007390,2020-06-24,9340,9690,9320,9590,678773,6469000000,61190399
007390,2020-06-25,9750,10650,9530,9660,2765249,27577000000,61190399
007390,2020-06-26,9750,9760,9500,9530,561344,5378000000,61190399
007390,2020-06-29,9480,9500,8990,9070,810935,7461000000,61190399
007390,2020-06-30,9120,9300,8920,9040,718090,6529000000,61190399
007390,2020-07-01,9060,9190,8930,8930,402460,3643000000,61190399
007390,2020-07-02,9080,9150,8900,9020,469488,4229000000,61190399
007390,2020-07-03,9180,9270,9000,9210,416326,3807000000,61190399
007390,2020-07-06,9260,9590,9160,9400,532880,5020000000,61190399
007390,2020-07-07,9540,9540,9190,9230,375628,3491000000,61190399
007390,2020-07-08,9230,9290,9140,9180,271000,2495000000,61190399
007390,2020-07-09,9240,9250,9050,9120,348539,3170000000,61190399
007390,2020-07-10,9120,9150,9000,9130,414552,3755000000,61190399
007390,2020-07-13,9140,9400,9060,9340,490442,4537000000,61190399
007390,2020-07-14,9340,9350,9170,9190,378721,3492000000,61190399
007390,2020-07-15,9200,9570,9020,9500,820310,7738000000,61190399
007390,2020-07-16,9500,9550,9330,9500,406065,3827000000,61190399
007390,2020-07-17,9500,9610,9330,9610,515558,4897000000,61190399
007390,2020-07-20,9550,10500,9340,9550,3529673,35133000000,61190399
007390,2020-07-21,9580,9640,9370,9480,960595,9112000000,61190399
007390,2020-07-22,9550,9560,9330,9440,1086912,10214000000,61190399
007390,2020-07-23,9500,9650,9380,9420,1169608,11103000000,61190399
007390,2020-07-24,9330,9420,9170,9260,966819,8966000000,61190399
007390,2020-07-27,9170,9260,9100,9130,617967,5657000000,61190399
007390,2020-07-28,9160,9260,9120,9250,600998,5515000000,61190399
007390,2020-07-29,9260,9320,9170,9250,434992,4021000000,61190399
007390,2020-07-30,9280,9800,9210,9650,1194480,11333000000,61190399
007390,2020-07-31,9700,9700,9420,9480,632969,6030000000,61190399
007390,2020-08-03,9550,9570,9200,9240,640081,5963000000,61190399
007390,2020-08-04,9240,9960,9210,9850,1572999,15153000000,61190399
007390,2020-08-05,10250,10300,9700,10050,2550010,25416000000,61190399
007390,2020-08-06,10050,10450,9950,10100,1297131,13168000000,61190399
007390,2020-08-07,10300,10300,9850,9930,896908,8955000000,61190399
007390,2020-08-10,9890,10450,9650,10050,1616323,16178000000,61190399
007390,2020-08-11,10000,10150,9890,9900,601513,6002000000,61190399
007390,2020-08-12,9800,9820,9570,9640,1021436,9876000000,61190399
007390,2020-08-13,10150,11500,9860,10150,7070353,74674000000,61190399
007390,2020-08-14,10250,11200,10050,10900,4717303,50704000000,61190399
007390,2020-08-18,11100,11200,9880,10150,2635660,27769000000,61190399
007390,2020-08-19,10100,10500,9980,10350,1333128,13671000000,61190399
007390,2020-08-20,10350,10550,9890,10100,1581834,16083000000,61190399
007390,2020-08-21,10100,11000,10000,10250,3056142,32208000000,61190399
007390,2020-08-24,10350,10450,10050,10350,1156957,11839000000,61190399
007390,2020-08-25,10600,11300,10500,11250,4514324,49250000000,61190399
007390,2020-08-26,11350,11450,10750,11400,2566764,28617000000,61190399
007390,2020-08-27,11250,11300,10850,11000,1453758,16028000000,61190399
007390,2020-08-28,11000,11450,10650,10800,1552670,17123000000,61190399
007390,2020-08-31,10800,11000,10500,10650,935492,10035000000,61190399
007390,2020-09-01,10600,10900,10500,10650,853906,9094000000,61190399
007390,2020-09-02,10650,10650,10400,10450,756856,7925000000,61190399
007390,2020-09-03,10450,10650,10200,10300,946477,9832000000,61190399
007390,2020-09-04,9950,10150,9820,10050,940361,9414000000,61190399
007390,2020-09-07,10100,10150,9840,9980,869838,8664000000,61190399
007390,2020-09-08,9980,10200,9910,9940,807226,8084000000,61190399
007390,2020-09-09,9800,11750,9750,10650,11807830,127959000000,61190399
007390,2020-09-10,10600,10800,10200,10400,1528856,15942000000,61190399
007390,2020-09-11,10350,10600,10200,10450,1142212,11856000000,61190399
007390,2020-09-14,10450,10500,10150,10200,606180,6220000000,61190399
007390,2020-09-15,10250,10350,10100,10250,637468,6503000000,61190399
007390,2020-09-16,10250,10550,10100,10200,1063828,10964000000,61190399
007390,2020-09-17,10150,10300,10000,10050,714913,7226000000,61190399
007390,2020-09-18,10050,10150,9960,10000,530137,5319000000,61190399
007390,2020-09-21,10000,10100,9850,9900,731585,7283000000,61190399
007390,2020-09-22,9800,10100,9790,9840,875931,8688000000,61190399
007390,2020-09-23,9870,9940,9480,9610,727515,7036000000,61190399
007390,2020-09-24,9470,9560,9050,9130,945192,8751000000,61190399
007390,2020-09-25,9170,9410,9090,9240,506207,4693000000,61190399
007390,2020-09-28,9240,9470,9220,9360,436612,4088000000,61190399
007390,2020-09-29,9370,9960,9370,9850,709884,6886000000,61190399
007390,2020-10-05,9830,10100,9760,10050,448050,4471000000,61190399
007390,2020-10-06,10000,10050,9800,9900,387492,3838000000,61190399
007390,2020-10-07,9900,10150,9810,9990,465859,4660000000,61190399
007390,2020-10-08,9990,10100,9930,9990,398350,3980000000,61190399
007390,2020-10-12,10000,10000,9870,9870,379098,3757000000,61190399
007390,2020-10-13,9980,10550,9900,10050,2075236,21319000000,61190399
007390,2020-10-14,9980,10100,9860,9900,519628,5150000000,61190399
007390,2020-10-15,9960,9960,9150,9600,722922,6938000000,61190399
007390,2020-10-16,9600,9630,9300,9400,379912,3579000000,61190399
007390,2020-10-19,9400,9710,9350,9470,396787,3787000000,61190399
007390,2020-10-20,9410,9650,9230,9540,405905,3804000000,61190399
007390,2020-10-21,9590,9610,9410,9590,252021,2394000000,61190399
007390,2020-10-22,9490,9540,9370,9400,235158,2216000000,61190399
007390,2020-10-23,9360,9470,9250,9370,276858,2586000000,61190399
007390,2020-10-26,9330,9550,9210,9290,353135,3310000000,61190399
007390,2020-10-27,9030,9380,9030,9190,427555,3933000000,61190399
007390,2020-10-28,9180,9280,9100,9280,335239,3079000000,61190399
007390,2020-10-29,9160,9560,9100,9510,544876,5105000000,61190399
007390,2020-10-30,9510,9510,9100,9120,397713,3693000000,61190399
007390,2020-11-02,9120,9210,9070,9130,266245,2432000000,61190399
007390,2020-11-03,9180,9280,9120,9260,317440,2922000000,61190399
007390,2020-11-04,9510,9520,9250,9380,455156,4262000000,61190399
007390,2020-11-05,9500,9730,9390,9670,580198,5585000000,61190399
007390,2020-11-06,9600,9670,9270,9290,595232,5598000000,61190399
007390,2020-11-09,9340,9500,9270,9400,316363,2974000000,61190399
007390,2020-11-10,9400,9410,9200,9280,385387,3569000000,61190399
007390,2020-11-11,9300,9410,9180,9280,415186,3847000000,61190399
007390,2020-11-12,9250,9420,9190,9280,482542,4477000000,61190399
007390,2020-11-13,9240,9250,9080,9200,516925,4729000000,61190399
007390,2020-11-16,9200,9330,9180,9280,342244,3172000000,61190399
007390,2020-11-17,9330,9330,9110,9110,411442,3766000000,61190399
007390,2020-11-18,9100,9250,9050,9130,370299,3385000000,61190399
007390,2020-11-19,9130,9230,9050,9190,540337,4923000000,61190399
007390,2020-11-20,9220,10100,9200,10000,2880314,28135000000,61190399
007390,2020-11-23,10000,10000,9630,9630,1036821,10086000000,61190399
007390,2020-11-24,9630,9840,9560,9610,588976,5690000000,61190399
007390,2020-11-25,9630,9630,9220,9350,908979,8561000000,61190399
007390,2020-11-26,9350,9590,9210,9510,405107,3818000000,61190399
007390,2020-11-27,9410,9830,9400,9560,557628,5377000000,61190399
007390,2020-11-30,9600,9660,9500,9660,367263,3520000000,61190399
007390,2020-12-01,9660,9850,9570,9660,476812,4641000000,61190399
007390,2020-12-02,9670,9700,9450,9600,502445,4790000000,61190399
007390,2020-12-03,9550,9650,9440,9550,368727,3521000000,61190399
007390,2020-12-04,9590,10250,9510,9750,1772564,17555000000,61190399
007390,2020-12-07,9750,10050,9590,9820,920138,9037000000,61190399
007390,2020-12-08,10150,10150,9700,9740,988645,9779000000,61190399
007390,2020-12-09,9950,9950,9740,9840,644655,6337000000,61190399
007390,2020-12-10,9830,10200,9710,10050,1174226,11741000000,61190399
007390,2020-12-11,10100,10200,9980,10000,720203,7229000000,61190399
007390,2020-12-14,10100,10500,10050,10200,1325009,13581000000,61190399
007390,2020-12-15,10250,10300,9910,9980,670061,6704000000,61190399
007390,2020-12-16,9990,10050,9750,9890,697585,6872000000,61190399
007390,2020-12-17,9900,9980,9840,9840,461359,4569000000,61190399
007390,2020-12-18,9840,9840,9700,9780,648238,6329000000,61190399
007390,2020-12-21,9780,9780,9510,9590,721409,6922000000,61190399
007390,2020-12-22,9530,9950,9510,9540,990159,9671000000,61190399
007390,2020-12-23,9600,9770,9420,9460,689157,6577000000,61190399
007390,2020-12-24,9400,9630,9400,9480,462763,4416000000,61190399
007390,2020-12-28,9500,9950,9500,9570,1118629,10885000000,61190399
007390,2020-12-29,9840,10100,9700,10000,1753270,17373000000,61190399
007390,2020-12-30,10000,10250,9890,10250,980244,9895000000,61190399
007390,2021-01-04,10400,10450,10050,10200,882489,9009000000,61190399
007390,2021-01-05,10100,10350,9840,10300,1252153,12653000000,61190399
007390,2021-01-06,10350,10700,10150,10450,1554705,16279000000,61190399
007390,2021-01-07,10450,10650,10000,10100,1216930,12452000000,61190399
007390,2021-01-08,10100,10150,9730,9780,1145168,11297000000,61190399
007390,2021-01-11,9700,9930,9500,9680,1029774,9924000000,61190399
007390,2021-01-12,9620,9700,9480,9550,587717,5623000000,61190399
007390,2021-01-13,9580,9730,9500,9560,508465,4857000000,61190399
007390,2021-01-14,9560,9650,9440,9630,521402,4965000000,61190399
007390,2021-01-15,9650,9750,9460,9530,472170,4526000000,61190399
007390,2021-01-18,9530,9530,9280,9400,598871,5598000000,61190399
007390,2021-01-19,9350,9590,9320,9500,420389,3986000000,61190399
007390,2021-01-20,9450,9680,9450,9560,522808,5003000000,61190399
007390,2021-01-21,9560,9790,9530,9570,509943,4925000000,61190399
007390,2021-01-22,9540,9570,9420,9420,376569,3571000000,61190399
007390,2021-01-25,9480,9610,9420,9560,357821,3409000000,61190399
007390,2021-01-26,9480,9700,9470,9550,485541,4654000000,61190399
007390,2021-01-27,9550,9590,9370,9400,477588,4514000000,61190399
007390,2021-01-28,9320,9360,9110,9140,539964,4968000000,61190399
007390,2021-01-29,9200,9230,8840,8900,810695,7282000000,61190399
007390,2021-02-01,8880,9100,8830,8940,365111,3273000000,61190399
007390,2021-02-02,9000,9160,8910,9020,351635,3172000000,61190399
007390,2021-02-03,8760,8960,8300,8790,1085899,9436000000,61190399
007390,2021-02-04,8770,8770,8360,8440,752135,6362000000,61190399
007390,2021-02-05,8500,8500,8100,8260,789460,6497000000,61190399
007390,2021-02-08,8230,8230,8050,8170,404517,3286000000,61190399
007390,2021-02-09,8170,8220,7950,7970,619755,4955000000,61190399
007390,2021-02-10,7800,8250,7770,8250,551071,4379000000,61190399
007390,2021-02-15,8320,8340,8100,8250,383955,3157000000,61190399
007390,2021-02-16,8240,8560,8200,8380,478261,4000000000,61210399
007390,2021-02-17,8330,8510,8300,8490,370524,3111000000,61210399
007390,2021-02-18,8400,8530,8300,8300,327877,2748000000,61210399
007390,2021-02-19,8230,8340,8180,8200,274261,2256000000,61210399
007390,2021-02-22,8180,8290,8030,8210,333618,2722000000,61210399
007390,2021-02-23,8020,8180,8000,8010,301859,2433000000,61210399
007390,2021-02-24,7950,8160,7840,7840,468663,3725000000,61210399
007390,2021-02-25,7850,8100,7820,8100,256025,2042000000,61210399
007390,2021-02-26,7910,8010,7800,8010,362977,2868000000,61210399
007390,2021-03-02,8190,8720,8110,8720,696338,5829000000,61210399
007390,2021-03-03,8500,8680,8380,8420,370077,3144000000,61210399
007390,2021-03-04,8320,8350,8160,8250,276452,2273000000,61210399
007390,2021-03-05,8180,8540,8090,8460,335828,2799000000,61210399
007390,2021-03-08,8470,8640,8470,8540,312146,2673000000,61210399
007390,2021-03-09,8510,8960,8380,8840,703618,6144000000,61210399
007390,2021-03-10,8880,9120,8840,8900,589310,5310000000,61210399
007390,2021-03-11,8930,9040,8700,8800,367844,3244000000,61210399
007390,2021-03-12,8780,8990,8550,8900,330324,2922000000,61210399
007390,2021-03-15,10750,11250,9800,9800,5346588,55708000000,61210399
007390,2021-03-16,9700,10150,9500,9960,1173655,11628000000,61210399
007390,2021-03-17,9970,9990,9700,9820,549495,5403000000,61210399
007390,2021-03-18,9700,10150,9700,10100,769341,7730000000,61210399
007390,2021-03-19,9950,10300,9940,10150,508585,5148000000,61210399
007390,2021-03-22,10150,10200,9800,9990,458267,4559000000,61210399
007390,2021-03-23,9910,10200,9900,9950,465316,4666000000,61306455
007390,2021-03-24,9920,10150,9860,10000,447152,4482000000,61306455
007390,2021-03-25,10100,10700,9980,10600,1312447,13665000000,61306455
007390,2021-03-26,10600,10850,10200,10300,703035,7359000000,61306455
007390,2021-03-29,10300,10450,10000,10100,505185,5133000000,61306455
007390,2021-03-30,10050,10250,9970,9980,432193,4349000000,61306455
007390,2021-03-31,9930,10050,9910,9970,306882,3065000000,61306455
007390,2021-04-01,9920,10050,9790,9940,423140,4184000000,61306455
007390,2021-04-02,9880,10100,9830,9990,334697,3334000000,61306455
007390,2021-04-05,9990,10100,9850,9880,328768,3255000000,61306455
007390,2021-04-06,9880,9970,9780,9870,319881,3149000000,61306455
007390,2021-04-07,9870,9970,9800,9950,232437,2298000000,61306455
007390,2021-04-08,9910,10100,9840,10100,287027,2867000000,61306455
007390,2021-04-09,10150,10250,10000,10200,475207,4827000000,61306455
007390,2021-04-12,10200,10550,10150,10500,711059,7418000000,61306455
007390,2021-04-13,10500,10600,10300,10600,541372,5681000000,61306455
007390,2021-04-14,10600,11200,10000,10250,2066760,22155000000,61306455
007390,2021-04-15,10150,10350,10050,10250,439651,4476000000,61306455
007390,2021-04-16,10300,10300,10050,10150,351623,3566000000,61306455
007390,2021-04-19,10100,10300,10100,10200,338519,3452000000,61306455
007390,2021-04-20,10150,10300,10150,10250,275601,2817000000,61306455
007390,2021-04-21,10150,10300,10000,10200,442960,4477000000,61306455
007390,2021-04-22,10200,10200,9980,10000,320947,3219000000,61306455
007390,2021-04-23,9910,10200,9910,10100,320797,3222000000,61306455
007390,2021-04-26,10100,10150,10000,10000,286851,2883000000,61306455
007390,2021-04-27,9970,10100,9950,10000,279498,2792000000,61306455
007390,2021-04-28,9950,10000,9800,9800,464101,4598000000,61306455
007390,2021-04-29,9850,9940,9520,9680,502593,4887000000,61306455
007390,2021-04-30,9650,9770,9560,9750,327862,3171000000,61306455
007390,2021-05-03,9630,10200,9630,10200,633247,6375000000,61306455
007390,2021-05-04,10250,10250,9950,10150,399951,4037000000,61306455
007390,2021-05-06,10150,10250,10050,10150,271636,2752000000,61306455
007390,2021-05-07,10150,10750,10150,10750,1147758,12127000000,61306455
007390,2021-05-10,10800,11400,10750,11000,1174383,13031000000,61306455
007390,2021-05-11,11100,12500,11000,12500,4643460,55583000000,61306455
007390,2021-05-12,12700,13050,10850,11700,3272390,38297000000,61306455
007390,2021-05-13,11200,11950,11100,11700,1238204,14322000000,61306455
007390,2021-05-14,11850,12000,11300,11750,827034,9667000000,61306455
007390,2021-05-17,14500,15250,14250,15250,2103594,31548000000,61306455
007390,2021-05-18,18450,18450,15700,16150,17599131,296412000000,61306455
007390,2021-05-20,15850,15900,13850,14200,6143113,89695000000,61306455
007390,2021-05-21,14050,14900,13500,14850,4167878,59661000000,61306455
007390,2021-05-24,14550,14600,13750,13850,1723652,24293000000,61306455
007390,2021-05-25,13500,14400,13250,13800,1564954,21636000000,61306455
007390,2021-05-26,13850,15450,13850,14750,3727371,55215000000,61306455
007390,2021-05-27,14800,15650,14500,15150,2125029,32301000000,61306455
007390,2021-05-28,15200,15450,13950,14050,2232188,32321000000,61306455
007390,2021-05-31,13850,14500,13850,14250,922896,13076000000,61306455
007390,2021-06-01,14100,14300,13750,13950,896752,12485000000,61306455
007390,2021-06-02,13800,14150,13800,13900,727939,10160000000,61306455
007390,2021-06-03,13900,15200,13900,14500,2227195,32690000000,61306455
007390,2021-06-04,14400,14650,14150,14350,938972,13452000000,61306455
007390,2021-06-07,14650,14850,14000,14100,1190238,17002000000,61306455
007390,2021-06-08,14350,14900,14250,14800,1637684,23894000000,61306455
007390,2021-06-09,14650,14750,14050,14150,1122994,16043000000,61306455
007390,2021-06-10,14000,14600,14000,14350,876028,12590000000,61306455
007390,2021-06-11,14500,15700,14450,15050,3371522,51081000000,61306455
007390,2021-06-14,15100,15650,14850,15250,1187786,18066000000,61306455
007390,2021-06-15,15200,17500,15050,17500,5622379,92733000000,61306455
007390,2021-06-16,17000,17800,16700,17150,2881029,49545000000,61306455
007390,2021-06-17,17200,19500,16850,17900,7749506,140801000000,61306455
007390,2021-06-18,18100,22500,17850,21500,16346771,335104000000,61306455
007390,2021-06-21,21550,23100,21200,22100,6396745,140245000000,61356455
007390,2021-06-22,22550,28400,21850,27500,19281796,500989000000,61356455
007390,2021-06-23,26950,28250,23100,23900,11079632,289387000000,61356455
007390,2021-06-24,24300,27700,24250,25200,11396381,295651000000,61356455
007390,2021-06-25,26200,26750,23900,24300,3182560,79931000000,61356455
007390,2021-06-28,23950,28450,23650,27350,11608087,311943000000,61356455
007390,2021-06-29,27350,28000,25950,27000,3685066,98965000000,61356455
007390,2021-06-30,27300,31850,26700,30250,15856871,475137000000,61356455
007390,2021-07-01,29950,31000,29500,30700,3386868,102402000000,61356455
007390,2021-07-02,29700,30150,29200,29700,1878324,55720000000,61356455
007390,2021-07-05,29550,29600,27250,28400,2338683,65961000000,61356455
007390,2021-07-06,28400,29750,28200,29050,1187639,34388000000,61356455
007390,2021-07-07,29350,29400,28850,28900,566315,16438000000,61356455
007390,2021-07-08,28500,29650,27700,29100,1206633,34749000000,61356455
007390,2021-07-09,28500,29550,28150,29350,963266,27671000000,61356455
007390,2021-07-12,29550,32000,29400,30500,3139041,97374000000,61356455
007390,2021-07-13,30100,30450,28850,29200,1155297,34166000000,61356455
007390,2021-07-14,29200,31000,28650,30800,1102340,32920000000,61356455
007390,2021-07-15,30200,31150,30100,30850,845096,25981000000,61356455
007390,2021-07-16,30500,31250,30400,30900,655578,20215000000,61356455
007390,2021-07-19,31050,32000,30800,31500,910926,28702000000,61356455
007390,2021-07-20,30900,31800,30900,31500,639559,20085000000,61356455
007390,2021-07-21,32300,39900,32300,38450,11855842,438027000000,61356455
007390,2021-07-22,38200,41700,37600,40950,5663315,227014000000,61356455
007390,2021-07-23,40950,49200,30950,33000,28311304,1109628000000,61406455
007390,2021-07-26,33300,34650,31400,33550,7883637,261803000000,61406455
007390,2021-07-27,33250,33450,28550,29200,7982221,240081000000,61406455
007390,2021-07-28,29000,30050,27300,28200,4316227,124667000000,61406455
007390,2021-07-29,29500,32000,28450,28600,7176405,216789000000,61406455
007390,2021-07-30,28050,28400,26550,27450,2840553,77816000000,61406455
007390,2021-08-02,27800,29500,26700,28800,2875137,81349000000,61406455
007390,2021-08-03,28600,30400,28550,29850,2479290,73212000000,61406455
007390,2021-08-04,30150,30200,28900,29600,1481513,43760000000,61406455
007390,2021-08-05,29700,30150,29200,29500,1015768,30106000000,61406455
007390,2021-08-06,29150,29450,28350,28750,1278927,36714000000,61406455
007390,2021-08-09,28050,28900,27600,28150,1101273,30887000000,61406455
007390,2021-08-10,28200,29300,27600,27800,1460921,41303000000,61406455
007390,2021-08-11,27450,29750,27150,29600,2076854,60155000000,61406455
007390,2021-08-12,29600,29650,28150,28300,1415395,40707000000,61406455
007390,2021-08-13,28000,28750,27500,28400,1020279,28582000000,61406455
007390,2021-08-17,28400,29550,27700,28150,1513671,43528000000,61406455
007390,2021-08-18,27700,29000,27150,29000,1175621,33171000000,61406455
007390,2021-08-19,28400,29050,27750,27750,1016398,28726000000,61406455
007390,2021-08-20,27950,29350,27800,28650,1573395,44953000000,61406455
007390,2021-08-23,31100,31400,25350,26750,4496496,125596000000,61406455
007390,2021-08-24,26250,27050,22600,24000,5717344,140447000000,61406455
007390,2021-08-25,24250,24650,22650,23900,2997896,71359000000,61406455
007390,2021-08-26,23500,24250,22850,23150,1856338,43491000000,61406455
007390,2021-08-27,22850,23650,22700,22850,1620913,37469000000,61406455
007390,2021-08-30,22750,23800,22400,23400,1624238,37725000000,61406455
007390,2021-08-31,23350,23650,22550,22800,1207795,27698000000,61406455
007390,2021-09-01,23150,25450,22900,23350,2806736,66940000000,61406455
007390,2021-09-02,23350,23400,22900,23050,663360,15302000000,61406455
007390,2021-09-03,23000,24100,23000,23750,993104,23511000000,61406455
007390,2021-09-06,23700,23900,22750,22950,1176232,27249000000,61406455
007390,2021-09-07,22950,23550,22900,23400,621544,14456000000,61406455
007390,2021-09-08,23400,23500,22450,22500,778160,17717000000,61406455
007390,2021-09-09,22800,26700,22500,22850,7978549,195149000000,61406455
007390,2021-09-10,22700,22850,21100,21350,2057056,44755000000,61406455
007390,2021-09-13,21000,22050,20950,21450,1175543,25243000000,61406455
007390,2021-09-14,21050,22600,21050,22150,1407398,30794000000,61406455
007390,2021-09-15,22150,22550,21700,22150,830078,18316000000,62627156
007390,2021-09-16,22700,22900,21750,21750,869755,19408000000,62627156
007390,2021-09-17,22100,23300,21450,23050,1817588,40971000000,62627156
007390,2021-09-23,23000,23050,21600,21600,1202616,26543000000,62627156
007390,2021-09-24,22000,22250,21650,22000,641596,14066000000,62627156
007390,2021-09-27,22150,22200,21400,21400,588397,12724000000,62627156
007390,2021-09-28,21450,21700,20900,20900,654436,13853000000,62627156
007390,2021-09-29,20250,21150,20150,20750,1016285,20933000000,62627156
007390,2021-09-30,20550,21450,20550,20850,703479,14743000000,62627156
007390,2021-10-01,20600,21150,20200,20400,649156,13378000000,62627156
007390,2021-10-05,19900,20450,19050,19400,1158282,22643000000,62627156
007390,2021-10-06,19450,21550,19450,20000,2621228,53818000000,62627156
007390,2021-10-07,20600,22150,20000,22100,1881535,40078000000,62627156
007390,2021-10-08,22500,22550,16500,17850,6713630,126525000000,62627156
007390,2021-10-12,17500,17850,16850,17200,1444451,24989000000,62627156
007390,2021-10-13,16500,18450,16450,17550,2080259,36781000000,62627156
007390,2021-10-14,17550,19000,17450,18700,1202585,22101000000,62627156
007390,2021-10-15,18950,19600,17850,19100,1349649,25355000000,62627156
007390,2021-10-18,18900,19750,18550,18600,722547,13741000000,62627156
007390,2021-10-19,18800,21100,18650,20400,3373468,68616000000,62627156
007390,2021-10-20,20200,20900,19700,20500,1171823,23877000000,62627156
007390,2021-10-21,20300,20450,19350,19500,934918,18549000000,62627156
007390,2021-10-22,19500,20850,19400,20250,1014431,20623000000,62627156
007390,2021-10-25,20400,21800,19400,19700,1310175,26515000000,62627156
007390,2021-10-26,19900,21100,19750,20850,1132148,23357000000,62627156
007390,2021-10-27,20550,20750,19900,20200,758830,15325000000,62627156
007390,2021-10-28,20350,20550,19800,19900,512394,10322000000,62627156
007390,2021-10-29,20050,20150,19500,19700,518014,10228000000,62627156
007390,2021-11-01,19600,20900,19600,20000,943559,19199000000,62627156
007390,2021-11-02,20000,20600,19850,20350,544748,11040000000,62627156
007390,2021-11-03,20500,20500,19700,19750,423982,8432000000,62627156
007390,2021-11-04,19950,20200,19750,20000,326250,6509000000,62627156
007390,2021-11-05,19800,20250,19650,20250,470310,9395000000,62627156
007390,2021-11-08,20200,20250,17700,18750,1597639,29895000000,62627156
007390,2021-11-09,18250,19500,18250,18650,504371,9507000000,62627156
007390,2021-11-10,18650,19100,18100,18400,577306,10733000000,62627156
007390,2021-11-11,18200,18650,17700,18050,499151,9077000000,62627156
007390,2021-11-12,17950,18700,17850,18450,396657,7272000000,62627156
007390,2021-11-15,18450,19050,18300,18800,431312,8061000000,62627156
007390,2021-11-16,18600,19200,18600,19000,433690,8230000000,62627156
007390,2021-11-17,18850,19100,18000,18100,563156,10321000000,62627156
007390,2021-11-18,18000,18450,17600,17650,546104,9786000000,62627156
007390,2021-11-19,17700,18350,17500,18100,534350,9594000000,62627156
007390,2021-11-22,17950,18550,17700,18150,417562,7537000000,62627156
007390,2021-11-23,18000,18050,17650,17650,309438,5500000000,62627156
007390,2021-11-24,17500,17800,16850,17200,625183,10774000000,62627156
007390,2021-11-25,17450,18200,17250,17700,603234,10727000000,62627156
007390,2021-11-26,17700,18250,17400,18250,559290,10060000000,62627156
007390,2021-11-29,18050,18650,17850,18100,462069,8359000000,62627156
007390,2021-11-30,18200,18400,17300,17700,561098,10019000000,62627156
007390,2021-12-01,17400,17950,17150,17800,369434,6501000000,62627156
007390,2021-12-02,17500,18400,17400,18300,433055,7787000000,62627156
007390,2021-12-03,18350,19100,18150,18600,455896,8494000000,62627156
007390,2021-12-06,18400,18550,17750,17850,513550,9221000000,62627156
007390,2021-12-07,17850,18900,17750,18700,691318,12791000000,62627156
007390,2021-12-08,19000,19300,18600,18800,430689,8134000000,62627156
007390,2021-12-09,18700,19600,18700,19500,753095,14575000000,62627156
007390,2021-12-10,19400,20100,19050,19800,648014,12700000000,62627156
007390,2021-12-13,19650,19950,18400,18600,963206,18321000000,62627156
007390,2021-12-14,18600,19050,16600,17350,3947586,69473000000,62627156
007390,2021-12-15,17050,17400,16900,17000,566329,9667000000,62627156
007390,2021-12-16,17400,17450,16850,17000,558586,9511000000,62627156
007390,2021-12-17,16800,17200,16250,16700,837335,13964000000,62627156
007390,2021-12-20,16600,17200,16450,16850,524743,8834000000,62627156
007390,2021-12-21,16950,16950,16300,16400,492107,8139000000,62627156
007390,2021-12-22,16400,16700,15950,16250,579199,9448000000,62627156
007390,2021-12-23,16250,16550,15500,15700,843418,13422000000,62627156
007390,2021-12-24,15700,16300,15700,16000,609588,9758000000,62627156
007390,2021-12-27,15950,16700,15950,16550,800518,13146000000,62627156
007390,2021-12-28,16750,16750,15950,16350,929658,15191000000,62627156
007390,2021-12-29,16450,18050,16450,17800,2037578,35959000000,62627156
007390,2021-12-30,17650,17800,17100,17800,529550,9238000000,62627156
007390,2022-01-03,17700,18650,17700,18600,702446,12816000000,62627156
007390,2022-01-04,18450,19000,18350,18800,526536,9832000000,62627156
007390,2022-01-05,18450,19450,18400,19200,751401,14317000000,62627156
007390,2022-01-06,18800,19500,18550,18950,607117,11569000000,62627156
007390,2022-01-07,19150,19300,18800,18800,406349,7707000000,62627156
007390,2022-01-10,18700,19300,17600,17700,1012718,18520000000,62627156
007390,2022-01-11,17600,18650,17600,17800,570572,10307000000,62627156
007390,2022-01-12,18000,18850,17950,18700,533190,9860000000,62627156
007390,2022-01-13,18850,18950,17850,17850,556212,10099000000,62627156
007390,2022-01-14,17350,18100,17300,17900,455986,8103000000,62627156
007390,2022-01-17,17850,18000,17100,17150,456270,7935000000,62627156
007390,2022-01-18,17050,17550,16750,16900,409521,7001000000,62627156
007390,2022-01-19,16450,17050,16250,16800,445258,7397000000,62627156
007390,2022-01-20,16650,17350,16450,17300,337750,5741000000,62627156
007390,2022-01-21,17000,17600,17000,17200,416717,7199000000,62627156
007390,2022-01-24,17050,17450,16550,16750,426888,7176000000,62627156
007390,2022-01-25,16750,17700,16250,17200,759086,12767000000,62627156
007390,2022-01-26,16900,17400,16300,16400,828792,13747000000,62627156
007390,2022-01-27,16650,16950,14600,14850,2118663,32985000000,62627156
007390,2022-01-28,14650,15050,14150,14800,846149,12441000000,62627156
007390,2022-02-03,15150,18950,15150,18750,3116916,55070000000,62627156
007390,2022-02-04,18450,19200,17850,18800,1132725,21103000000,62627156
007390,2022-02-07,18800,19200,17950,18150,720959,13245000000,62627156
007390,2022-02-08,18050,18300,17100,17400,696683,12341000000,62627156
007390,2022-02-09,17400,17550,17050,17300,302760,5237000000,62627156
007390,2022-02-10,17350,18100,15950,16300,1081877,18069000000,62627156
007390,2022-02-11,16050,16350,15700,15900,501979,8023000000,62627156
007390,2022-02-14,15750,16050,15250,15350,510999,7966000000,62627156
007390,2022-02-15,15050,15600,14850,15000,460794,6974000000,62627156
007390,2022-02-16,15650,16000,15250,15950,417251,6535000000,62627156
007390,2022-02-17,15900,16050,15250,15600,409424,6441000000,62627156
007390,2022-02-18,15200,15900,15100,15850,393333,6110000000,62627156
007390,2022-02-21,15300,15850,15200,15700,238609,3720000000,62627156
007390,2022-02-22,15200,15550,15000,15150,424687,6466000000,62627156
007390,2022-02-23,15350,15550,15150,15200,322595,4942000000,62627156
007390,2022-02-24,15050,15150,14400,14450,786944,11548000000,62627156
007390,2022-02-25,14850,15450,14800,15400,511761,7768000000,62627156
007390,2022-02-28,15450,16250,15150,16250,483584,7626000000,62627156
007390,2022-03-02,15900,16400,15900,16250,274268,4450000000,62627156
007390,2022-03-03,16450,16750,16150,16650,331684,5472000000,62627156
007390,2022-03-04,16650,16900,16150,16250,376675,6204000000,62627156
007390,2022-03-07,15850,16350,15650,16000,321379,5126000000,62627156
007390,2022-03-08,15750,16450,15700,16400,355152,5760000000,62627156
007390,2022-03-10,16650,17400,16100,16400,693874,11444000000,62627156
007390,2022-03-11,16250,16650,16050,16100,305488,4982000000,62627156
007390,2022-03-14,16100,16300,15600,15800,368121,5841000000,62627156
007390,2022-03-15,15650,16350,15600,16000,326025,5220000000,62627156
007390,2022-03-16,16300,16600,16150,16450,330613,5419000000,62627156
007390,2022-03-17,16800,17200,16550,17050,463192,7850000000,62627156
007390,2022-03-18,16900,17350,16600,17350,410284,6951000000,62627156
007390,2022-03-21,17100,17650,17050,17050,269961,4663000000,62627156
007390,2022-03-22,17000,17100,16600,17100,281701,4749000000,62627156
007390,2022-03-23,17150,17450,16950,16950,252772,4333000000,62627156
007390,2022-03-24,16800,17150,16400,17100,426736,7156000000,62627156
007390,2022-03-25,17100,17400,16900,17000,213087,3637000000,62627156
007390,2022-03-28,17100,17150,16650,16700,261391,4390000000,62627156
007390,2022-03-29,16800,18600,16750,18500,1568663,28224000000,62627156
007390,2022-03-30,18550,19050,18250,18450,870675,16215000000,62627156
007390,2022-03-31,18300,18800,18000,18250,414386,7587000000,62637156
007390,2022-04-01,18100,18200,17500,17750,382133,6804000000,62637156
007390,2022-04-04,17750,18250,17650,18050,273171,4914000000,62637156
007390,2022-04-05,18100,18950,18050,18250,483751,8916000000,62637156
007390,2022-04-06,18100,18200,17600,17600,358137,6375000000,62637156
007390,2022-04-07,17350,17900,17100,17800,352282,6128000000,62637156
007390,2022-04-08,17950,18050,17500,17650,243566,4315000000,62637156
007390,2022-04-11,17700,18000,17300,17350,266999,4697000000,62637156
007390,2022-04-12,17150,17600,16750,17550,325943,5592000000,62637156
007390,2022-04-13,18250,18300,16600,16950,808784,13994000000,62637156
007390,2022-04-14,17000,17100,16750,16850,319423,5286000000,62637156
007390,2022-04-15,16200,16800,15950,16300,555543,9059000000,62637156
007390,2022-04-18,16150,16650,16150,16300,285243,4658000000,62637156
007390,2022-04-19,16300,16700,16300,16350,250442,4128000000,62637156
007390,2022-04-20,16400,17400,16400,16600,354156,5963000000,62637156
007390,2022-04-21,16600,16850,16200,16200,326677,5342000000,62637156
007390,2022-04-22,16000,16400,15950,16300,291351,4690000000,62637156
007390,2022-04-25,16000,16150,15800,15900,249395,3974000000,62637156
007390,2022-04-26,16000,16400,15950,16250,229237,3706000000,62637156
007390,2022-04-27,15800,16150,15750,16100,207702,3315000000,62637156
007390,2022-04-28,16100,16250,15800,16050,209718,3363000000,62637156
007390,2022-04-29,16150,17350,16150,17200,671558,11371000000,62637156
007390,2022-05-02,16900,17300,16800,17050,242575,4129000000,62637156
007390,2022-05-03,17050,17250,17000,17000,154282,2639000000,62637156
007390,2022-05-04,17000,17600,16950,17150,293046,5050000000,62637156
007390,2022-05-06,16800,17100,16650,17050,224763,3791000000,62637156
007390,2022-05-09,16950,17150,16700,16750,227800,3833000000,62637156
007390,2022-05-10,16450,17000,16400,16600,260589,4337000000,62637156
007390,2022-05-11,16800,17450,16500,17350,421285,7239000000,62637156
007390,2022-05-12,17100,17600,16950,16950,415648,7148000000,62637156
007390,2022-05-13,17050,17700,16950,17600,382877,6658000000,62637156
007390,2022-05-16,17750,18000,17450,17650,308311,5457000000,62637156
007390,2022-05-17,17500,17900,17500,17850,197612,3504000000,62637156
007390,2022-05-18,17900,18000,17500,17700,275063,4873000000,62637156
007390,2022-05-19,17250,17550,17200,17250,258673,4477000000,62637156
007390,2022-05-20,17400,18150,17350,17850,411240,7353000000,62637156
007390,2022-05-23,17850,18050,17600,17700,243819,4327000000,62637156
007390,2022-05-24,17650,17750,17150,17150,287785,4986000000,62637156
007390,2022-05-25,17100,17800,17050,17400,319234,5575000000,62637156
007390,2022-05-26,17400,17900,17300,17450,181196,3169000000,62637156
007390,2022-05-27,17650,17800,17400,17600,163422,2871000000,62637156
007390,2022-05-30,17800,18200,17600,17800,413083,7397000000,62637156
007390,2022-05-31,17900,17900,17400,17650,317684,5598000000,62637156
007390,2022-06-02,17500,18100,17500,17900,232467,4156000000,62637156
007390,2022-06-03,18200,18200,17950,18050,282775,5114000000,62637156
007390,2022-06-07,17900,18100,17450,17450,350196,6201000000,62637156
007390,2022-06-08,17500,19650,17500,19050,1905972,36231000000,62637156
007390,2022-06-09,19050,19150,18500,18950,619833,11626000000,62637156
007390,2022-06-10,18750,19350,18550,18950,512582,9730000000,62637156
007390,2022-06-13,18600,19300,18550,18550,565119,10630000000,62637156
007390,2022-06-14,18050,18500,17550,18150,500495,9029000000,62637156
007390,2022-06-15,18000,18250,17100,17250,550419,9589000000,62637156
007390,2022-06-16,17700,17800,16900,16950,325891,5638000000,62637156
007390,2022-06-17,16350,17350,16100,16950,428769,7198000000,62637156
007390,2022-06-20,17850,18800,17600,18050,824011,14947000000,62637156
007390,2022-06-21,18200,18500,17950,18450,371644,6799000000,62637156
007390,2022-06-22,18500,18700,17800,17850,401396,7315000000,62637156
007390,2022-06-23,17850,18350,17250,17250,523473,9285000000,62637156
007390,2022-06-24,17700,18450,17550,18350,527471,9556000000,62637156
007390,2022-06-27,18450,18650,18050,18350,383027,7042000000,62637156
007390,2022-06-28,18400,18450,17700,17950,305732,5518000000,62637156
007390,2022-06-29,17700,17900,17500,17700,265923,4701000000,62637156
007390,2022-06-30,17800,18100,17450,17450,264763,4687000000,62637156
007390,2022-07-01,17450,18150,17150,17400,344387,6042000000,62637156
007390,2022-07-04,17400,17750,17200,17350,233019,4056000000,62637156
007390,2022-07-05,17550,18150,17550,18050,363421,6517000000,62637156
007390,2022-07-06,17950,18200,17650,17800,293853,5266000000,62637156
007390,2022-07-07,17950,19450,17750,19100,1208808,22898000000,62637156
007390,2022-07-08,19150,19300,18650,18950,484082,9171000000,62637156
007390,2022-07-11,19000,19300,18800,19000,313036,5953000000,62637156
007390,2022-07-12,18850,19600,18500,19200,581135,11064000000,62637156
007390,2022-07-13,19300,19550,19050,19300,442764,8549000000,62637156
007390,2022-07-14,19200,21500,19000,21350,1996713,41067000000,62637156
007390,2022-07-15,21250,22150,21000,21750,1323618,28577000000,62637156
007390,2022-07-18,21750,22900,21600,22600,1047576,23430000000,62637156
007390,2022-07-19,22650,24500,22350,24450,1631531,38896000000,62637156
007390,2022-07-20,24900,26050,24400,25800,1688462,42807000000,62637156
007390,2022-07-21,25850,26250,25300,25900,927992,23973000000,62637156
007390,2022-07-22,25600,26700,25500,26300,835709,21975000000,62637156
007390,2022-07-25,26050,28150,20800,22050,4492103,103975000000,62637156
007390,2022-07-26,22050,22950,21200,22400,1189174,26325000000,62637156
007390,2022-07-27,22000,24600,22000,24250,1626270,38724000000,62637156
007390,2022-07-28,24550,25150,23700,24300,667412,16214000000,62637156
007390,2022-07-29,24200,24700,23700,23900,586921,14201000000,62637156
007390,2022-08-01,23650,23800,21500,23300,1046810,23575000000,62637156
007390,2022-08-02,23350,23850,22650,23750,457209,10713000000,62637156
007390,2022-08-03,24050,24600,23200,23350,560662,13278000000,62637156
007390,2022-08-04,23350,24200,23100,23450,497660,11716000000,62637156
007390,2022-08-05,23450,24100,23250,23500,521704,12370000000,62637156
007390,2022-08-08,23550,23550,21600,22600,701214,15699000000,62637156
007390,2022-08-09,22600,23250,22450,22950,264154,6039000000,62637156
007390,2022-08-10,22600,23100,22600,22700,273296,6240000000,62637156
007390,2022-08-11,23250,23550,22700,22850,364357,8413000000,62637156
007390,2022-08-12,23000,23600,22700,23000,503660,11658000000,62637156
007390,2022-08-16,23100,23300,22000,22800,548323,12462000000,62637156
007390,2022-08-17,22900,24100,22550,22900,561474,13011000000,62637156
007390,2022-08-18,23000,23050,22500,22700,256035,5829000000,62637156
007390,2022-08-19,22750,23600,22400,23200,445611,10294000000,62637156
007390,2022-08-22,23000,23550,22850,22850,276311,6393000000,62637156
007390,2022-08-23,22850,23550,22650,23250,381325,8836000000,62637156
007390,2022-08-24,23150,23850,23050,23800,439471,10295000000,62637156
007390,2022-08-25,24000,26050,23850,25700,1400029,35331000000,62637156
007390,2022-08-26,26100,26100,21950,24750,2748428,67158000000,62637156
007390,2022-08-29,24100,24950,23400,23500,710308,17142000000,62637156
007390,2022-08-30,25100,28300,24250,27250,4390971,116827000000,62637156
007390,2022-08-31,27300,27600,26200,26450,1379309,37060000000,62637156
007390,2022-09-01,26400,26700,25350,25900,908687,23632000000,62637156
007390,2022-09-02,25850,26000,23750,23850,1229689,30201000000,62637156
007390,2022-09-05,23000,23250,19200,19550,3480382,72021000000,62637156
007390,2022-09-06,19000,20100,18750,18750,1720148,33136000000,62637156
007390,2022-09-07,18800,19150,16650,16950,3052161,53409000000,62637156
007390,2022-09-08,17100,17450,16600,16900,1241365,21065000000,62637156
007390,2022-09-13,17150,18000,17150,17500,853569,15012000000,62637156
007390,2022-09-14,16800,17500,16450,16750,903119,15216000000,62637156
007390,2022-09-15,17000,17000,16100,16150,696108,11452000000,62637156
007390,2022-09-16,16350,17450,16050,16900,935483,15740000000,62637156
007390,2022-09-19,16900,17250,16700,17200,499641,8502000000,62637156
007390,2022-09-20,17550,17600,16650,16900,443587,7539000000,62637156
007390,2022-09-21,16800,17200,16550,16850,330651,5561000000,62637156
007390,2022-09-22,16600,17200,16400,17100,390892,6594000000,62637156
007390,2022-09-23,16900,17150,16650,17050,309610,5233000000,62637156
007390,2022-09-26,16700,17350,16250,16500,508203,8512000000,62637156
007390,2022-09-27,16500,17350,16500,17000,497596,8392000000,62637156
007390,2022-09-28,16900,17550,16350,16700,528003,8910000000,62637156
007390,2022-09-29,17150,17500,16850,17050,607444,10124000000,62637156
007390,2022-09-30,14600,15400,11950,11950,6030297,76864000000,62637156
007390,2022-10-04,12450,15450,11750,15000,4986852,70513000000,62637156
007390,2022-10-05,15050,15450,14500,15100,1260151,18889000000,62637156
007390,2022-10-06,14900,15650,14900,15550,639989,9779000000,62637156
007390,2022-10-07,15450,15650,14950,15050,469586,7174000000,62637156
007390,2022-10-11,14750,15200,14500,14500,540050,7973000000,62637156
007390,2022-10-12,14400,14800,13700,14550,546374,7825000000,62637156
007390,2022-10-13,14400,14450,13500,13750,476275,6592000000,62637156
007390,2022-10-14,14150,14750,14000,14550,448749,6552000000,62637156
007390,2022-10-17,17150,17200,14900,15600,1912930,30395000000,62637156
007390,2022-10-18,15650,15800,14850,15200,729054,11113000000,62637156
007390,2022-10-19,15350,15750,14650,14650,743578,11250000000,62637156
007390,2022-10-20,14650,15500,14300,15250,1163002,17436000000,62637156
007390,2022-10-21,14850,15150,14750,14900,340616,5085000000,62637156
007390,2022-10-24,15250,15800,15100,15450,523286,8113000000,62637156
007390,2022-10-25,15450,15950,15200,15600,314622,4920000000,62637156
007390,2022-10-26,15750,16600,15400,16350,640123,10336000000,62637156
007390,2022-10-27,16400,16550,16100,16500,289297,4734000000,62637156
007390,2022-10-28,16500,17600,16400,17000,670529,11463000000,62637156
007390,2022-10-31,17600,18000,17050,17300,526097,9171000000,62637156
007390,2022-11-01,17300,17950,17050,17950,333696,5865000000,62637156
007390,2022-11-02,17950,19150,17550,18450,728314,13492000000,62637156
007390,2022-11-03,18000,18150,17600,17600,469813,8383000000,62637156
007390,2022-11-04,17600,18100,16750,18000,600446,10532000000,62637156
007390,2022-11-07,17200,17950,17000,17750,595451,10386000000,62637156
007390,2022-11-08,17600,18600,17600,18350,459067,8347000000,62637156
007390,2022-11-09,18500,19600,18450,19150,686979,13108000000,62637156
007390,2022-11-10,19250,19450,18550,18950,399152,7576000000,62637156
007390,2022-11-11,19650,20450,19600,20250,893278,17880000000,62637156
007390,2022-11-14,20350,22800,20300,22450,1407163,31059000000,62637156
007390,2022-11-15,22450,23150,22150,23100,636250,14463000000,62637156
007390,2022-11-16,23350,23350,19300,20400,2265365,46958000000,62637156
007390,2022-11-17,20000,21650,19800,20450,1118630,23280000000,62637156
007390,2022-11-18,19900,19900,16900,17750,3600792,64257000000,62637156
007390,2022-11-21,18250,19500,18150,18800,1333709,25139000000,62637156
007390,2022-11-22,18800,19600,18300,19050,796341,15117000000,62637156
007390,2022-11-23,19100,19250,18350,19050,427146,8091000000,62637156
007390,2022-11-24,18900,19200,18700,18850,271185,5133000000,62637156
007390,2022-11-25,18800,19200,18650,18900,268676,5090000000,62637156
007390,2022-11-28,18800,18850,18050,18150,466105,8560000000,62637156
007390,2022-11-29,17900,18850,17800,18550,321487,5955000000,62637156
007390,2022-11-30,18350,18750,18300,18450,225150,4172000000,62637156
007390,2022-12-01,18700,19350,18700,18900,474872,9036000000,62637156
007390,2022-12-02,19050,19050,18300,18400,300109,5584000000,62637156
007390,2022-12-05,18550,19550,18500,19200,438001,8414000000,62637156
007390,2022-12-06,19100,19100,18450,18500,314047,5884000000,62637156
007390,2022-12-07,18100,18450,16500,17800,825122,14515000000,62637156
007390,2022-12-08,17500,18100,17350,17550,445408,7875000000,62637156
007390,2022-12-09,17850,18750,17850,18150,545075,9969000000,62637156
007390,2022-12-12,16100,17100,15250,16650,1822884,29390000000,62637156
007390,2022-12-13,16800,17250,16600,17100,512959,8695000000,62637156
007390,2022-12-14,17000,17500,17000,17200,397636,6854000000,62637156
007390,2022-12-15,17050,17300,16700,16800,321902,5460000000,62637156
007390,2022-12-16,16250,16700,16200,16300,379258,6243000000,62637156
007390,2022-12-19,16200,16600,16050,16200,262767,4284000000,62637156
007390,2022-12-20,16150,16400,15850,16000,373569,6016000000,62637156
007390,2022-12-21,16000,16300,15800,15800,321927,5144000000,62637156
007390,2022-12-22,15850,16200,15800,16200,443924,7101000000,62637156
007390,2022-12-23,15800,15850,14950,15050,1004595,15383000000,62637156
007390,2022-12-26,15000,15300,14950,15000,580802,8774000000,62637156
007390,2022-12-27,15000,15450,15000,15350,612670,9378000000,62637156
007390,2022-12-28,15300,15850,15200,15350,522408,8099000000,62637156
007390,2022-12-29,15300,15550,15000,15250,376467,5721000000,62637156
007390,2023-01-02,15450,15700,15000,15000,369320,5631000000,62637156
007390,2023-01-03,15000,15200,14500,15100,349246,5187000000,62637156
007390,2023-01-04,14950,15250,14950,15100,196735,2968000000,62637156
007390,2023-01-05,15200,15300,14750,14750,250885,3757000000,62637156
007390,2023-01-06,14700,15550,14650,15550,416501,6322000000,62637156
007390,2023-01-09,15900,16100,15700,15950,302366,4801000000,62637156
007390,2023-01-10,15800,16150,15550,15550,312238,4943000000,62637156
007390,2023-01-11,15850,16250,15750,16250,371671,5988000000,62637156
007390,2023-01-12,16350,16350,15950,15950,244721,3933000000,62637156
007390,2023-01-13,15950,16150,15800,16100,182165,2913000000,62637156
007390,2023-01-16,16100,16300,14800,15200,1048268,16193000000,62637156
007390,2023-01-17,14750,14850,13200,13400,2472300,34070000000,62637156
007390,2023-01-18,13100,13550,12800,12950,1285308,16805000000,62637156
007390,2023-01-19,12850,13250,12450,13000,794859,10233000000,62637156
007390,2023-01-20,13000,13550,13000,13400,563793,7505000000,62637156
007390,2023-01-25,13430,13890,13400,13610,687632,9403000000,62637156
007390,2023-01-26,13510,13800,13500,13640,403628,5496000000,62637156
007390,2023-01-27,13700,13750,13590,13670,378850,5168000000,62637156
007390,2023-01-30,13800,14030,13360,13390,603877,8276000000,62637156
007390,2023-01-31,13210,13540,13210,13540,382567,5131000000,62637156
007390,2023-02-01,13660,14180,13630,14040,708523,9877000000,62637156
007390,2023-02-02,14200,14300,13990,14080,414900,5855000000,62637156
007390,2023-02-03,14150,14390,14130,14260,518810,7395000000,62637156
007390,2023-02-06,14200,14360,14010,14100,390183,5536000000,62637156
007390,2023-02-07,14110,15280,14080,14580,919790,13468000000,62637156
007390,2023-02-08,14680,14790,14530,14570,366498,5347000000,62637156
007390,2023-02-09,14600,14810,14530,14730,337503,4957000000,62637156
007390,2023-02-10,14750,14930,14390,14470,449861,6556000000,62637156
007390,2023-02-13,14470,14790,14200,14230,373186,5378000000,62637156
007390,2023-02-14,14320,14470,14150,14470,249601,3571000000,62637156
007390,2023-02-15,14350,14540,13890,13960,411738,5816000000,62637156
007390,2023-02-16,13960,14560,13960,14470,445118,6422000000,62637156
007390,2023-02-17,14340,14390,14030,14050,285085,4044000000,62637156
007390,2023-02-20,14150,14880,14060,14730,637718,9337000000,62637156
007390,2023-02-21,14800,14800,14470,14550,319048,4656000000,62637156
007390,2023-02-22,14410,14410,14140,14230,279132,3971000000,62637156
007390,2023-02-23,14280,14550,14220,14240,235423,3387000000,62637156
007390,2023-02-24,14290,14440,13990,14400,326049,4613000000,62637156
007390,2023-02-27,15500,15940,14540,15680,1670550,25490000000,62637156
007390,2023-02-28,15900,17000,15870,16220,1230136,20208000000,62637156
007390,2023-03-02,16220,16700,16050,16230,692142,11264000000,62637156
007390,2023-03-03,16210,16440,15710,15810,515880,8289000000,62637156
007390,2023-03-06,16010,16400,15830,16010,456360,7342000000,62637156
007390,2023-03-07,16000,16240,15870,16120,426426,6844000000,62637156
007390,2023-03-08,16120,16930,15880,16360,803879,13128000000,62637156
007390,2023-03-09,16450,17900,16130,16490,1763880,29609000000,62637156
007390,2023-03-10,16610,17290,16440,16730,871082,14697000000,62637156
007390,2023-03-13,16730,16860,15860,16390,552005,8999000000,62637156
007390,2023-03-14,16300,16330,15530,15570,592137,9373000000,62637156
007390,2023-03-15,15900,16110,15790,15900,328551,5236000000,62637156
007390,2023-03-16,15600,15880,14990,14990,559702,8603000000,62637156
007390,2023-03-17,15130,16620,15130,16090,826563,13212000000,62637156
007390,2023-03-20,16120,16310,15580,15580,477584,7579000000,62637156
007390,2023-03-21,15820,16100,15650,15680,362864,5752000000,62637156
007390,2023-03-22,15990,16300,15740,15740,449246,7165000000,62637156
007390,2023-03-23,15610,15980,15010,15650,845731,13028000000,62637156
007390,2023-03-24,15690,16280,15400,15530,642591,10187000000,62637156
007390,2023-03-27,15850,15850,15170,15220,498947,7676000000,62637156
007390,2023-03-28,15260,15350,15010,15280,406475,6166000000,62657156
007390,2023-03-29,15280,15490,14940,14990,502230,7613000000,62657156
007390,2023-03-30,15020,15600,14630,15210,611165,9264000000,62657156
007390,2023-03-31,15800,18410,15640,18000,4056504,70449000000,62657156
007390,2023-04-03,18360,20000,18100,19150,2408444,46132000000,62657156
007390,2023-04-04,18970,21500,18890,21200,2399437,49526000000,62657156
007390,2023-04-05,21300,21950,20900,21700,1334973,28681000000,62657156
007390,2023-04-06,22600,25500,22150,24650,3293320,79564000000,62657156
007390,2023-04-07,17510,19650,17300,17300,3048023,54463000000,62657156
007390,2023-04-10,12110,12110,12110,12110,844294,10230000000,62657156
007390,2023-04-11,10330,11200,9310,10500,34292994,350357000000,62657156
007390,2023-04-12,10340,11300,10010,10610,13247762,141248000000,62657156
007390,2023-04-13,10330,10910,10260,10260,5655054,59500000000,62657156
007390,2023-04-14,10410,12720,10400,11970,26788309,314284000000,62657156
007390,2023-04-17,12600,12670,11650,11920,5995622,72868000000,62657156
007390,2023-04-18,11700,11700,10870,11100,4711467,52730000000,62657156
007390,2023-04-19,10940,12420,10730,11540,7237381,84213000000,62657156
007390,2023-04-20,11740,11790,11020,11110,2381944,27049000000,62657156
007390,2023-04-21,10680,11250,10580,11040,1600097,17386000000,62657156
007390,2023-04-24,11070,11470,11040,11250,1690550,19009000000,62657156
007390,2023-04-25,11150,11240,10700,10880,1332124,14622000000,62657156
007390,2023-04-26,10700,10980,10390,10800,1182796,12689000000,62657156
007390,2023-04-27,10750,10960,10540,10900,1090490,11689000000,62657156
007390,2023-04-28,10840,10850,10340,10500,1491152,15767000000,62657156
007390,2023-05-02,10400,11200,10350,10840,1965912,21273000000,62657156
007390,2023-05-03,10840,11380,10670,10710,1598446,17620000000,62657156
007390,2023-05-04,10710,10930,10610,10630,736460,7888000000,62657156
007390,2023-05-08,10640,11060,10640,10790,880174,9558000000,62657156
007390,2023-05-09,10890,10970,10740,10940,598338,6491000000,62657156
007390,2023-05-10,10940,11270,10040,10660,1562997,16815000000,62657156
007390,2023-05-11,10620,11090,10620,10790,853383,9264000000,62657156
007390,2023-05-12,10840,10920,10430,10630,660173,7021000000,62657156
007390,2023-05-15,10500,10570,10210,10290,671936,6939000000,62657156
007390,2023-05-16,10420,10530,10090,10210,595948,6127000000,62657156
007390,2023-05-17,10150,10400,9900,10360,618075,6301000000,62657156
007390,2023-05-18,10390,10560,10160,10220,601325,6190000000,62657156
007390,2023-05-19,10250,10380,10160,10300,557354,5716000000,62657156
007390,2023-05-22,10280,10560,10250,10530,714813,7469000000,62657156
007390,2023-05-23,10510,10790,10450,10700,603935,6440000000,62657156
007390,2023-05-24,10640,11000,10550,10760,856514,9228000000,62657156
007390,2023-05-25,10750,10920,10480,10590,492990,5246000000,62657156
007390,2023-05-26,10590,10740,10410,10590,416187,4390000000,62657156
007390,2023-05-30,10620,10750,10330,10370,470640,4917000000,62657156
007390,2023-05-31,10370,10430,10260,10300,410403,4231000000,63657156
007390,2023-06-01,10140,10330,10080,10180,502860,5123000000,63657156
007390,2023-06-02,10190,10340,9970,10220,780775,7928000000,63657156
007390,2023-06-05,10220,10290,10070,10160,382072,3878000000,63657156
007390,2023-06-07,10120,10240,10080,10080,394770,4006000000,63657156
007390,2023-06-08,10050,10120,9930,10040,654294,6533000000,63657156
007390,2023-06-09,10020,10180,9900,10020,695154,6948000000,63657156
007390,2023-06-12,10000,10000,9090,9170,1997828,18823000000,63657156
007390,2023-06-13,9220,10040,9220,9780,1918738,18696000000,63657156
007390,2023-06-14,9800,9830,9340,9470,770296,7362000000,63657156
007390,2023-06-15,9400,9560,9200,9260,626652,5844000000,63657156
007390,2023-06-16,9270,9730,9260,9400,704387,6707000000,63657156
007390,2023-06-19,9450,9720,9240,9440,727906,6835000000,63657156
007390,2023-06-20,8060,8300,7280,7760,4383165,33769000000,63657156
007390,2023-06-21,7670,7910,7600,7740,1116705,8664000000,63657156
007390,2023-06-22,7600,8870,7600,8040,2276687,18804000000,63657156
007390,2023-06-23,8100,8240,7990,8110,557097,4512000000,63657156
007390,2023-06-26,8070,8240,7850,8120,505737,4099000000,63657156
007390,2023-06-27,8090,8210,7980,8090,517359,4168000000,63657156
007390,2023-06-28,8040,8120,7850,7880,583297,4631000000,63657156
007390,2023-06-29,7880,7970,7660,7770,607463,4726000000,63657156
007390,2023-06-30,7880,8390,7810,8230,971603,7926000000,63657156
007390,2023-07-03,8350,8520,8140,8180,639034,5298000000,63657156
007390,2023-07-04,8010,8160,7900,8030,524104,4198000000,63657156
007390,2023-07-05,8040,10200,8020,9230,11724105,110101000000,63657156
007390,2023-07-06,9380,9390,8530,8560,2232038,19507000000,63657156
007390,2023-07-07,8510,8520,8040,8140,1309070,10731000000,63657156
007390,2023-07-10,8020,8160,7740,7900,1269027,10046000000,63657156
007390,2023-07-11,7900,8130,7860,8090,721303,5751000000,63657156
007390,2023-07-12,8100,8220,7980,8210,549770,4443000000,63657156
007390,2023-07-13,8210,8440,8150,8180,575873,4762000000,63657156
007390,2023-07-14,8180,8370,8060,8200,499763,4108000000,64157156
007390,2023-07-17,8200,8350,7940,8190,483558,3932000000,64157156
007390,2023-07-18,8190,8310,8030,8060,478640,3880000000,64157156
007390,2023-07-19,8070,8170,7970,8130,511539,4128000000,64157156
007390,2023-07-20,8050,8350,8020,8270,532534,4381000000,64157156
007390,2023-07-21,8110,8370,8110,8210,509508,4212000000,64157156
007390,2023-07-24,8170,8180,7700,7820,1014777,8016000000,64157156
007390,2023-07-25,7820,7850,7450,7450,932285,7084000000,64157156
007390,2023-07-26,7400,7450,7030,7140,1252965,8979000000,64157156
007390,2023-07-27,7100,7600,7100,7470,672943,5016000000,64157156
007390,2023-07-28,7400,7730,7400,7700,448519,3413000000,64157156
007390,2023-07-31,7700,7900,7620,7820,413845,3230000000,64157156
007390,2023-08-01,7780,7960,7620,7710,417875,3247000000,64157156
007390,2023-08-02,7710,7740,7440,7480,470655,3563000000,64157156
007390,2023-08-03,7380,7840,7360,7800,594092,4555000000,64157156
007390,2023-08-04,7800,7800,7530,7680,407163,3112000000,64157156
007390,2023-08-07,7720,7830,7500,7630,441509,3367000000,64157156
007390,2023-08-08,7700,7700,7350,7350,417245,3118000000,64157156
007390,2023-08-09,7290,7700,7270,7600,546465,4136000000,64157156
007390,2023-08-10,7540,7840,7520,7820,476385,3694000000,64157156
007390,2023-08-11,7820,8050,7640,7950,557030,4393000000,64157156
007390,2023-08-14,8430,8670,7820,7920,1200464,9819000000,64157156
007390,2023-08-16,7710,7910,7600,7880,530761,4091000000,64157156
007390,2023-08-17,7830,8050,7600,7760,542418,4225000000,64157156
007390,2023-08-18,7630,7770,7530,7700,398144,3039000000,64157156
007390,2023-08-21,7620,7980,7620,7910,476284,3748000000,64157156
007390,2023-08-22,7840,7930,7710,7830,309698,2416000000,64157156
007390,2023-08-23,7710,7830,7500,7550,449163,3438000000,64157156
007390,2023-08-24,7570,7640,7460,7580,309352,2340000000,64157156
007390,2023-08-25,7470,7620,7450,7560,334198,2516000000,64157156
007390,2023-08-28,7560,7750,7560,7610,216530,1651000000,64157156
007390,2023-08-29,7660,7810,7650,7760,468857,3633000000,64157156
007390,2023-08-30,7900,7900,7730,7800,351767,2734000000,64157156
007390,2023-08-31,7760,8090,7710,7710,596870,4702000000,64157156
007390,2023-09-01,7670,7730,7360,7390,680224,5099000000,64157156
007390,2023-09-04,7500,7500,7270,7300,377086,2765000000,64157156
007390,2023-09-05,7310,7350,7200,7230,351016,2545000000,64157156
007390,2023-09-06,7230,7350,7140,7160,345375,2488000000,64157156
007390,2023-09-07,7170,7290,7030,7050,495877,3515000000,64157156
007390,2023-09-08,7150,7320,7080,7280,338451,2451000000,64157156
007390,2023-09-11,7430,7800,7360,7620,919506,7004000000,64157156
007390,2023-09-12,7620,8380,7620,8090,1728098,14002000000,64157156
007390,2023-09-13,8090,8500,7960,8250,1128136,9274000000,64157156
007390,2023-09-14,8380,8400,8000,8220,593946,4879000000,64157156
007390,2023-09-15,8220,8490,8140,8490,700838,5845000000,64157156
007390,2023-09-18,8600,8840,8170,8170,1210387,10284000000,64157156
007390,2023-09-19,8090,8400,8080,8400,442303,3652000000,64157156
007390,2023-09-20,8400,8500,8170,8260,414718,3442000000,64157156
007390,2023-09-21,8110,8240,7870,7950,448220,3581000000,64157156
007390,2023-09-22,7910,8030,7690,7720,357600,2798000000,64157156
007390,2023-09-25,7650,7870,7560,7650,320577,2450000000,64157156
007390,2023-09-26,7610,7710,7480,7590,242540,1829000000,64157156
007390,2023-09-27,7570,7900,7450,7740,304748,2345000000,64157156
007390,2023-10-04,7550,7860,7340,7510,465084,3473000000,64157156
007390,2023-10-05,7540,7780,7450,7530,388986,2959000000,64157156
007390,2023-10-06,7530,7780,7470,7490,315440,2393000000,64157156
007390,2023-10-10,7490,8020,7490,7680,611822,4738000000,64157156
007390,2023-10-11,7770,8000,7720,7860,437306,3449000000,64157156
007390,2023-10-12,7930,8020,7660,7810,310048,2436000000,64157156
007390,2023-10-13,7810,7810,7320,7440,592987,4441000000,64157156
007390,2023-10-16,7310,7430,7240,7340,332010,2425000000,64157156
007390,2023-10-17,7300,7600,7260,7350,244273,1799000000,64157156
007390,2023-10-18,7350,7360,7160,7180,356263,2565000000,64157156
007390,2023-10-19,7120,7150,6980,7100,377359,2657000000,64157156
007390,2023-10-20,7030,7210,6960,7050,349627,2466000000,64157156
007390,2023-10-23,7010,7090,6900,7050,325643,2282000000,64157156
007390,2023-10-24,7100,7300,6880,7280,405053,2870000000,64157156
007390,2023-10-25,7350,7370,7140,7230,239169,1723000000,64157156
007390,2023-10-26,7090,7210,7010,7190,259061,1846000000,64157156
007390,2023-10-27,7250,7440,7120,7220,315290,2291000000,64157156
007390,2023-10-30,7280,7320,7150,7200,165288,1191000000,64157156
007390,2023-10-31,7200,7290,7000,7000,227562,1614000000,64157156
007390,2023-11-01,7060,7260,7030,7090,209952,1495000000,64157156
007390,2023-11-02,7250,7350,7150,7300,314230,2279000000,64157156
007390,2023-11-03,7270,7290,7080,7170,241245,1730000000,64157156
007390,2023-11-06,7300,7500,7250,7500,500250,3699000000,64157156
007390,2023-11-07,7490,7500,7210,7250,282701,2072000000,64157156
007390,2023-11-08,7300,7430,7230,7250,191020,1400000000,64157156
007390,2023-11-09,7340,7360,7190,7210,118684,858000000,64157156
007390,2023-11-10,7110,7180,7000,7170,185459,1314000000,64157156
007390,2023-11-13,7240,7410,7110,7130,236358,1709000000,64157156
007390,2023-11-14,7130,7320,7130,7250,190912,1387000000,64157156
007390,2023-11-15,7400,7400,7260,7300,203874,1494000000,64157156
007390,2023-11-16,7310,7420,7290,7380,187806,1381000000,64157156
007390,2023-11-17,7300,7380,7200,7220,156359,1137000000,64157156
007390,2023-11-20,7370,8440,7290,8200,3240136,26044000000,64157156
007390,2023-11-21,8160,8340,8130,8290,795921,6549000000,64157156
007390,2023-11-22,8210,8420,8010,8310,596606,4927000000,64157156
007390,2023-11-23,8120,8310,7810,8180,499727,4034000000,64157156
007390,2023-11-24,8290,8350,8110,8250,249052,2046000000,64157156
007390,2023-11-27,8300,8330,8030,8140,366064,2994000000,64157156
007390,2023-11-28,8140,8160,7980,8030,288941,2323000000,64157156
007390,2023-11-29,7940,8150,7840,7870,307688,2454000000,64157156
007390,2023-11-30,7780,7920,7760,7860,217962,1703000000,64157156
007390,2023-12-01,7860,7930,7710,7780,245083,1904000000,64157156
007390,2023-12-04,7890,7890,7690,7790,224944,1744000000,64157156
007390,2023-12-05,7790,7930,7660,7900,260291,2023000000,64157156
007390,2023-12-06,7940,7940,7760,7810,138932,1087000000,64157156
007390,2023-12-07,7730,7930,7670,7680,259942,2018000000,64157156
007390,2023-12-08,7720,7860,7610,7850,209608,1625000000,64157156
007390,2023-12-11,7870,7980,7820,7850,195408,1541000000,64157156
007390,2023-12-12,7930,7940,7810,7870,147146,1159000000,64157156
007390,2023-12-13,7890,7900,7650,7680,236054,1824000000,64157156
007390,2023-12-14,7850,7920,7590,7740,387768,3000000000,64157156
007390,2023-12-15,7750,7780,7450,7470,448093,3391000000,64157156
007390,2023-12-18,7470,7570,7150,7190,529428,3867000000,64157156
007390,2023-12-19,7240,7390,7190,7260,377345,2749000000,64157156
007390,2023-12-20,7320,8060,7300,7900,1356714,10608000000,64157156
007390,2023-12-21,7790,7850,7500,7620,540441,4117000000,64157156
007390,2023-12-22,7630,7980,7610,7890,556655,4343000000,64157156
007390,2023-12-26,7990,8180,7840,7910,430555,3432000000,64157156
007390,2023-12-27,8020,8150,7850,7900,437119,3489000000,64157156
007390,2023-12-28,7860,7990,7760,7990,277125,2196000000,64157156
007390,2024-01-02,8020,8580,7950,8360,693536,5736000000,64157156
007390,2024-01-03,8310,8470,8220,8370,420046,3506000000,64157156
007390,2024-01-04,8300,8340,7960,8070,428905,3461000000,64157156
007390,2024-01-05,8100,8210,8020,8190,213136,1725000000,64157156
007390,2024-01-08,8110,8120,7850,7850,269305,2139000000,64157156
007390,2024-01-09,7860,8030,7800,7990,209656,1666000000,64157156
007390,2024-01-10,7930,8030,7830,7850,197890,1560000000,64157156
007390,2024-01-11,7830,7900,7760,7850,166415,1302000000,64157156
007390,2024-01-12,7840,7870,7660,7710,190213,1466000000,64157156
007390,2024-01-15,7780,7780,7640,7690,100534,774000000,64157156
007390,2024-01-16,7650,7780,7590,7610,140082,1072000000,64157156
007390,2024-01-17,7610,7610,7370,7450,195140,1455000000,64157156
007390,2024-01-18,7560,7640,7400,7440,157352,1179000000,64157156
007390,2024-01-19,7510,7600,7410,7430,148176,1111000000,64157156
007390,2024-01-22,7500,7620,7380,7540,197469,1479000000,64157156
007390,2024-01-23,7610,7630,7480,7500,151968,1147000000,64157156
007390,2024-01-24,7460,7480,7280,7410,206315,1517000000,64157156
007390,2024-01-25,7340,7470,7280,7430,124669,920000000,64157156
007390,2024-01-26,7400,7610,7390,7540,252654,1896000000,64157156
007390,2024-01-29,7500,7540,7380,7380,237069,1762000000,64157156
007390,2024-01-30,7410,7450,7230,7240,253944,1854000000,64157156
007390,2024-01-31,7260,7950,7220,7660,908358,6926000000,64157156
007390,2024-02-01,7970,8260,7700,8050,1062167,8496000000,64157156
007390,2024-02-02,7980,8120,7910,8010,431812,3467000000,64157156
007390,2024-02-05,8020,8230,7980,8000,416223,3359000000,64157156
007390,2024-02-06,8100,8100,7600,7760,251988,1973000000,64157156
007390,2024-02-07,7880,7880,7630,7630,210839,1625000000,64157156
007390,2024-02-08,7630,7630,7490,7500,262142,1973000000,64157156
007390,2024-02-13,7500,7520,7380,7450,242464,1808000000,64157156
007390,2024-02-14,7410,7510,7330,7440,280926,2077000000,64157156
007390,2024-02-15,7550,7550,7370,7370,255944,1896000000,64157156
007390,2024-02-16,7380,7440,7350,7430,177458,1311000000,64157156
007390,2024-02-19,7420,7500,7370,7370,202619,1503000000,64157156
007390,2024-02-20,7380,7400,7310,7340,179479,1317000000,64157156
007390,2024-02-21,7280,7400,7270,7290,250567,1831000000,64157156
007390,2024-02-22,7290,7340,7220,7240,283996,2062000000,64157156
007390,2024-02-23,7250,7300,7200,7210,232604,1682000000,64157156
007390,2024-02-26,7200,7250,7150,7150,175449,1260000000,64157156
007390,2024-02-27,7160,7160,6990,7000,308582,2175000000,64157156
007390,2024-02-28,7100,7110,6960,7010,177210,1241000000,64157156
007390,2024-02-29,6950,7080,6940,6950,191275,1332000000,64157156
007390,2024-03-04,7040,7170,6960,7090,201289,1427000000,64157156
007390,2024-03-05,7050,7110,6980,6990,206485,1445000000,64157156
007390,2024-03-06,6990,7060,6910,6970,201093,1404000000,64157156
007390,2024-03-07,6950,7090,6950,7000,188234,1319000000,64157156
007390,2024-03-08,7110,7290,7050,7260,332513,2402000000,64157156
007390,2024-03-11,7290,7430,7230,7230,246913,1805000000,64157156
007390,2024-03-12,7210,7240,7150,7190,180327,1296000000,64157156
007390,2024-03-13,7200,7200,7000,7060,282381,1999000000,64157156
007390,2024-03-14,7040,7110,7010,7070,143567,1013000000,64157156
007390,2024-03-15,7070,7070,6980,6990,211200,1478000000,64157156
007390,2024-03-18,7160,7830,7160,7700,1492973,11346000000,64157156
007390,2024-03-19,7700,7740,7310,7400,404588,3013000000,64157156
007390,2024-03-20,7410,7670,7400,7490,387654,2924000000,64157156
007390,2024-03-21,7550,7620,7410,7480,253134,1896000000,64157156
007390,2024-03-22,7510,8280,7510,8140,1430054,11441000000,64157156
007390,2024-03-25,8140,8210,8010,8140,484648,3936000000,64157156
007390,2024-03-26,8140,8380,8010,8370,572306,4697000000,64157156
007390,2024-03-27,8390,10790,8300,10180,8740807,87638000000,64157156
007390,2024-03-28,10210,10490,9730,9840,2231076,22627000000,64157156
007390,2024-03-29,9840,10240,9000,9470,1536429,14993000000,64157156
007390,2024-04-01,9550,9640,9100,9450,576976,5457000000,64157156
007390,2024-04-02,9370,9390,8710,8790,1006958,9032000000,64157156
007390,2024-04-03,8750,8790,8100,8250,780025,6550000000,64157156
007390,2024-04-04,8290,8590,8190,8490,542131,4572000000,64157156
007390,2024-04-05,8250,9470,8220,8520,1300597,11576000000,64157156
007390,2024-04-08,8550,8900,8250,8770,581305,4973000000,64157156
007390,2024-04-09,8800,9040,8570,8580,362892,3173000000,64157156
007390,2024-04-11,8500,8840,8420,8650,243439,2103000000,64157156
007390,2024-04-12,8700,8920,8560,8860,343600,3022000000,64157156
007390,2024-04-15,8740,8920,8460,8710,385010,3330000000,64157156
007390,2024-04-16,8600,8770,8500,8650,262234,2260000000,64157156
007390,2024-04-17,8840,8940,8670,8770,348771,3072000000,64157156
007390,2024-04-18,8840,8910,8750,8790,307217,2709000000,64157156
007390,2024-04-19,8690,8740,8310,8500,469599,3982000000,64157156
007390,2024-04-22,8500,8780,8420,8730,334588,2894000000,64157156
007390,2024-04-23,8700,8850,8600,8700,210375,1835000000,64157156
007390,2024-04-24,8780,8780,8590,8650,189562,1643000000,64157156
007390,2024-04-25,8560,8690,8540,8620,132151,1136000000,64157156
007390,2024-04-26,8600,8790,8600,8650,174721,1516000000,64157156
007390,2024-04-29,8680,8940,8640,8940,281104,2491000000,64157156
007390,2024-04-30,8940,9080,8890,9030,207193,1854000000,64157156
007390,2024-05-02,9030,9630,9000,9410,569827,5327000000,64157156
007390,2024-05-03,9400,9550,9360,9380,225287,2123000000,64157156
007390,2024-05-07,9510,9740,9390,9730,416490,3975000000,64157156
007390,2024-05-08,9850,10090,9680,9700,682824,6769000000,64157156
007390,2024-05-09,9700,9730,9080,9250,587921,5453000000,64157156
007390,2024-05-10,9300,9360,9210,9220,204789,1898000000,64157156
007390,2024-05-13,9340,9620,9190,9600,222928,2095000000,64157156
007390,2024-05-14,9600,9880,9450,9740,335446,3266000000,64157156
007390,2024-05-16,9840,9980,9820,9870,254359,2517000000,64157156
007390,2024-05-17,9960,10410,9760,10060,763066,7698000000,64157156
007390,2024-05-20,9950,10170,9800,10030,500341,4987000000,64157156
007390,2024-05-21,10190,12790,10150,12300,9193730,110940000000,64157156
007390,2024-05-22,12440,12460,10620,10670,4123218,46531000000,64157156
007390,2024-05-23,10550,11060,10350,10920,1381451,14916000000,64157156
007390,2024-05-24,10900,12290,10890,11800,4577293,53966000000,64157156
007390,2024-05-27,12170,12170,11430,11650,1147837,13467000000,64157156
007390,2024-05-28,11650,12040,11470,11600,720838,8421000000,64157156
007390,2024-05-29,11480,11900,11070,11680,769002,8747000000,64157156
007390,2024-05-30,11570,11850,10790,11310,750202,8453000000,64157156
007390,2024-05-31,11310,11990,11250,11990,839382,9819000000,64157156
007390,2024-06-03,12000,12060,11590,11660,543297,6418000000,64157156
007390,2024-06-04,11640,11640,11100,11270,464720,5253000000,64157156
007390,2024-06-05,11180,11490,11110,11400,284237,3213000000,64157156
007390,2024-06-07,11400,11450,11030,11040,375635,4208000000,64157156
007390,2024-06-10,10910,11200,10550,10680,452267,4883000000,64157156
007390,2024-06-11,10580,10860,10560,10560,252916,2698000000,64157156
007390,2024-06-12,10460,10670,10390,10540,253144,2666000000,64157156
007390,2024-06-13,10650,11280,10540,10900,575248,6312000000,64157156
007390,2024-06-14,10900,11280,10800,10800,381003,4195000000,64157156
007390,2024-06-17,10800,10800,10490,10670,273363,2907000000,64157156
007390,2024-06-18,10790,10900,10500,10730,219467,2331000000,64157156
007390,2024-06-19,10790,10790,9820,9890,762073,7734000000,64157156
007390,2024-06-20,10100,10390,9900,10010,376687,3792000000,64157156
007390,2024-06-21,9960,10000,9800,9830,242293,2391000000,64157156
007390,2024-06-24,9820,9970,9070,9610,384617,3713000000,64157156
007390,2024-06-25,9620,9650,9110,9450,289945,2738000000,64157156
007390,2024-06-26,9540,9600,9270,9480,192083,1809000000,64157156
007390,2024-06-27,9520,9900,9300,9320,275434,2644000000,64157156
007390,2024-06-28,9320,9420,9230,9370,172633,1608000000,64157156
007390,2024-07-01,9420,9810,9390,9750,285405,2750000000,64157156
007390,2024-07-02,9660,9720,9480,9480,189474,1810000000,64157156
007390,2024-07-03,9390,9480,9100,9140,300497,2760000000,64157156
007390,2024-07-04,9140,9190,8980,9070,276098,2497000000,64157156
007390,2024-07-05,9070,9280,8980,9100,207938,1895000000,64157156
007390,2024-07-08,9010,9310,8960,9260,187136,1712000000,64157156
007390,2024-07-09,9260,9300,9010,9190,232119,2116000000,64157156
007390,2024-07-10,9110,9200,9070,9090,139367,1270000000,64157156
007390,2024-07-11,9080,9540,9040,9430,319309,2955000000,64157156
007390,2024-07-12,9350,9750,9180,9640,267380,2548000000,64157156
007390,2024-07-15,9640,9790,9460,9630,198503,1901000000,64157156
007390,2024-07-16,9680,10290,9500,10250,360745,3576000000,64157156
007390,2024-07-17,10230,10970,9900,10190,863885,9068000000,64157156
007390,2024-07-18,10290,10360,9910,10130,260265,2640000000,64157156
007390,2024-07-19,10010,10310,9850,10200,187463,1900000000,64157156
007390,2024-07-22,10190,10820,10050,10360,416497,4365000000,64157156
007390,2024-07-23,10310,10510,10200,10230,194335,2010000000,64157156
007390,2024-07-24,10150,10790,10130,10670,460582,4894000000,64157156
007390,2024-07-25,10490,10750,10490,10750,283075,3014000000,64157156
007390,2024-07-26,10760,13420,10760,12700,6681047,83882000000,64157156
007390,2024-07-29,12590,12920,11700,11900,1637669,20175000000,64157156
007390,2024-07-30,12060,12090,11180,11480,875157,10065000000,64157156
007390,2024-07-31,11410,11410,10770,10910,838904,9244000000,64157156
007390,2024-08-01,10920,11300,10770,10830,531853,5839000000,64157156
007390,2024-08-02,10710,11100,10400,10480,598650,6440000000,64157156
007390,2024-08-05,10450,10450,9350,9730,901865,8966000000,64157156
007390,2024-08-06,9820,10390,9800,10070,511361,5154000000,64157156
007390,2024-08-07,10030,10660,10030,10650,347789,3644000000,64157156
007390,2024-08-08,10430,10640,10210,10590,267747,2789000000,64157156
007390,2024-08-09,10700,11390,10450,10970,507488,5539000000,64157156
007390,2024-08-12,10870,11140,10750,10840,257300,2802000000,64157156
007390,2024-08-13,10700,10700,10140,10180,407651,4215000000,64157156
007390,2024-08-14,10260,11150,10080,10800,601094,6406000000,64157156
007390,2024-08-16,10800,10910,10590,10810,304071,3261000000,64357156
007390,2024-08-19,10900,11360,10680,10950,431504,4777000000,64357156
007390,2024-08-20,10950,11180,10770,10850,298730,3261000000,64357156
007390,2024-08-21,10660,10830,10380,10450,339907,3582000000,64357156
007390,2024-08-22,10450,10500,10200,10450,275976,2861000000,64357156
007390,2024-08-23,10400,10510,10280,10400,153976,1600000000,64357156
007390,2024-08-26,10400,10470,9970,10050,293012,2954000000,64357156
007390,2024-08-27,10000,10120,9900,9990,154744,1547000000,64357156
007390,2024-08-28,10000,10060,9860,9890,216959,2163000000,64357156
007390,2024-08-29,9870,10030,9670,9700,218044,2146000000,64357156
007390,2024-08-30,9860,10550,9800,10250,355714,3634000000,64357156
007390,2024-09-02,10190,10230,9780,9890,280629,2783000000,64357156
007390,2024-09-03,9980,9980,9750,9750,201793,1985000000,64357156
007390,2024-09-04,9840,10000,9240,9640,403926,3884000000,64357156
007390,2024-09-05,9760,10400,9640,9810,388590,3859000000,64357156
007390,2024-09-06,9910,9910,9470,9560,179172,1720000000,64357156
007390,2024-09-09,9420,9850,9400,9830,212818,2045000000,64357156
007390,2024-09-10,9900,10880,9510,9650,812933,8087000000,64357156
007390,2024-09-11,9740,9900,9370,9390,253930,2434000000,64357156
007390,2024-09-12,9460,9930,9460,9810,318274,3099000000,64357156
007390,2024-09-13,9910,10220,9770,10000,250475,2494000000,64357156
007390,2024-09-19,10270,10270,9930,9960,198399,1998000000,64357156
007390,2024-09-20,10050,10320,9940,10030,184911,1853000000,64357156
007390,2024-09-23,9980,10030,9780,9800,217083,2140000000,64357156
007390,2024-09-24,9770,10200,9710,10000,287524,2872000000,64357156
007390,2024-09-25,10080,10080,9830,9830,180351,1794000000,64357156
007390,2024-09-26,9920,10050,9800,9820,176510,1746000000,64357156
007390,2024-09-27,9750,9820,9650,9710,202692,1968000000,64357156
007390,2024-09-30,9800,9890,9620,9850,159292,1556000000,64357156
007390,2024-10-02,10250,10280,9910,9960,365361,3670000000,64357156
007390,2024-10-04,10000,10230,9940,10080,274860,2788000000,64357156
007390,2024-10-07,10150,10250,9990,10240,217573,2205000000,64357156
007390,2024-10-08,10240,10350,9950,9960,327204,3301000000,64357156
007390,2024-10-10,9960,10040,9790,9910,198734,1967000000,64357156
007390,2024-10-11,9910,9970,9800,9800,150924,1490000000,64357156
007390,2024-10-14,9800,9830,9550,9590,197714,1903000000,64357156
007390,2024-10-15,9590,9730,9560,9590,135478,1303000000,64357156
007390,2024-10-16,9590,9610,9430,9490,205913,1955000000,64357156
007390,2024-10-17,9490,9560,9350,9420,181650,1713000000,64357156
007390,2024-10-18,9570,9570,9190,9210,236759,2205000000,64357156
007390,2024-10-21,9230,9470,9230,9350,129633,1215000000,64357156
007390,2024-10-22,9300,9390,9070,9090,187956,1723000000,64357156
007390,2024-10-23,9430,11800,9300,11310,8678635,95026000000,64357156
007390,2024-10-24,11400,14290,11220,13980,10846293,140779000000,64357156
007390,2024-10-25,14210,15630,14110,15040,6629013,99047000000,64357156
007390,2024-10-28,15050,17050,14250,16260,6469611,104429000000,64357156
007390,2024-10-29,15900,17100,15850,17100,2094169,34631000000,64357156
007390,2024-10-30,17150,20600,17140,20000,4842509,95071000000,64357156
007390,2024-10-31,20650,22500,19000,21850,4788562,101231000000,64357156
007390,2024-11-01,20650,22450,15430,16600,8990811,164206000000,64357156
007390,2024-11-04,17880,21550,17540,21550,5574113,110473000000,64357156
007390,2024-11-05,21650,23150,19800,22300,8588352,185901000000,64357156
007390,2024-11-06,21950,22700,20800,21350,2469560,53827000000,64357156
007390,2024-11-07,21750,22650,20950,21900,1959955,42772000000,64357156
007390,2024-11-08,21200,21500,20200,20950,2044989,42532000000,64357156
007390,2024-11-11,20000,22300,19570,21850,2250373,46986000000,64357156
007390,2024-11-12,21650,22150,21050,21900,1404940,30342000000,64357156
007390,2024-11-13,22600,24350,22400,24300,3387239,78811000000,64357156
007390,2024-11-14,24950,24950,23500,24500,2008810,48695000000,64357156
007390,2024-11-15,23900,24700,23500,24600,1248008,30224000000,64357156
007390,2024-11-18,25800,27950,24000,25700,3946408,101666000000,64357156
007390,2024-11-19,24500,26650,24400,26250,1532970,39615000000,64357156
007390,2024-11-20,26800,27450,25500,27200,1492559,39732000000,64357156
007390,2024-11-21,26950,27600,24300,26250,2034773,53654000000,64357156
007390,2024-11-22,25800,25800,19810,21250,6712641,146708000000,64357156
007390,2024-11-25,22000,25850,21750,24600,4919981,119291000000,64357156
007390,2024-11-26,24250,24350,21450,23100,2882395,65256000000,64357156
007390,2024-11-27,22350,23600,21700,21800,1502310,33832000000,64357156
007390,2024-11-28,21500,22900,20850,22250,1698822,37203000000,64357156
007390,2024-11-29,22100,23000,21400,22900,1091785,24340000000,64357156
007390,2024-12-02,22750,23900,21900,22100,1234328,28133000000,64357156
007390,2024-12-03,21950,22600,21450,22000,993298,21807000000,64357156
007390,2024-12-04,20800,23050,20750,23000,1752873,38078000000,64357156
007390,2024-12-05,23300,23350,21700,21700,998236,22319000000,64357156
007390,2024-12-06,21950,22100,20450,20700,1370466,29037000000,64357156
007390,2024-12-09,19800,20600,19050,19390,1706300,33624000000,64357156
007390,2024-12-10,19360,21400,18920,20650,2120167,42359000000,64357156
007390,2024-12-11,20500,21700,20200,20550,954496,19974000000,64357156
007390,2024-12-12,20250,21100,20050,20800,1010296,20774000000,64357156
007390,2024-12-13,20500,21450,19710,21000,1318195,26998000000,64357156
007390,2024-12-16,21000,22450,20650,22300,1231770,26726000000,64357156
007390,2024-12-17,22350,22350,21150,21200,876286,18810000000,64357156
007390,2024-12-18,21200,21650,20800,21150,517793,10910000000,64357156
007390,2024-12-19,20550,20800,20100,20300,509085,10411000000,64357156
007390,2024-12-20,20050,20500,19910,20050,541716,10900000000,64357156
007390,2024-12-23,20250,20550,19980,20100,379475,7654000000,64357156
007390,2024-12-24,20450,20950,19350,20300,986964,19811000000,64357156
007390,2024-12-26,20100,20600,19920,20000,502111,10099000000,64357156
007390,2024-12-27,19920,20250,19750,19900,497363,9922000000,64357156
007390,2024-12-30,19900,22550,19780,21500,1736555,37653000000,64357156
007390,2025-01-02,22450,22700,20600,20650,1359769,29208000000,64357156
007390,2025-01-03,20750,21700,20600,21550,830536,17692000000,64357156
007390,2025-01-06,21550,22100,21250,21550,646010,13980000000,64357156
007390,2025-01-07,21250,21400,20350,20650,959231,19859000000,64357156
007390,2025-01-08,20500,20600,20200,20450,420211,8568000000,64357156
007390,2025-01-09,20300,21600,20100,20900,826224,17300000000,64357156
007390,2025-01-10,20650,21050,20350,20750,436109,8995000000,64357156
007390,2025-01-13,20300,20400,16700,17980,3623433,65824000000,64357156
007390,2025-01-14,17800,18680,17800,18090,845509,15327000000,64357156
007390,2025-01-15,17920,17920,17230,17380,797309,13920000000,64357156
007390,2025-01-16,17560,18140,17440,17660,547844,9751000000,64357156
007390,2025-01-17,17560,17800,17240,17280,423750,7373000000,64357156
007390,2025-01-20,17300,18430,17100,17700,607582,10766000000,64357156
007390,2025-01-21,17700,18290,17680,17820,309081,5545000000,64357156
007390,2025-01-22,17860,18530,17750,18140,508368,9225000000,64357156
007390,2025-01-23,18110,18140,17280,17500,414740,7364000000,64357156
007390,2025-01-24,17500,18610,17280,18140,569269,10304000000,64357156
007390,2025-01-31,18230,18330,17760,18060,297642,5353000000,64357156
007390,2025-02-03,18070,19080,17510,18160,861215,15724000000,64357156
007390,2025-02-04,18290,19060,18290,18700,655505,12255000000,64357156
007390,2025-02-05,18850,18850,17970,18040,536805,9775000000,64357156
007390,2025-02-06,18260,18260,17120,17200,827051,14518000000,64357156
007390,2025-02-07,17180,17680,17000,17240,494336,8558000000,64357156
007390,2025-02-10,17100,17600,16910,16910,541377,9265000000,64357156
007390,2025-02-11,16670,17240,16580,16720,541640,9159000000,64357156
007390,2025-02-12,16720,17600,16610,17200,656675,11211000000,64357156
007390,2025-02-13,17100,17390,16120,16430,976395,16268000000,64357156
007390,2025-02-14,16630,18290,16460,17800,1569232,27666000000,64357156
007390,2025-02-17,17850,19920,17850,19600,1517783,28984000000,64357156
007390,2025-02-18,20500,20650,19490,20350,1115255,22330000000,64357156
007390,2025-02-19,20050,20450,19890,20200,521395,10481000000,64357156
007390,2025-02-20,19990,20600,18800,18800,975149,18979000000,64357156
007390,2025-02-21,19200,19880,18070,18330,771706,14628000000,64357156
007390,2025-02-24,18180,18230,17500,18000,652862,11636000000,64357156
007390,2025-02-25,17700,18250,17510,17920,465364,8288000000,64357156
007390,2025-02-26,17930,18050,17510,17560,375595,6645000000,64357156
007390,2025-02-27,17600,17710,17190,17500,426136,7414000000,64357156
007390,2025-02-28,17300,17460,16850,17010,486846,8290000000,64357156
007390,2025-03-04,16700,17300,16610,16980,352640,5971000000,64357156
007390,2025-03-05,17140,17220,16360,16390,535306,8903000000,64357156
007390,2025-03-06,16500,16630,16210,16570,378960,6231000000,64357156
007390,2025-03-07,16490,16490,15650,15830,627237,10013000000,64357156
007390,2025-03-10,16000,16890,15930,16330,539009,8889000000,64357156
007390,2025-03-11,16170,16170,15650,15980,303004,4781000000,64357156
007390,2025-03-12,15800,16300,15800,16100,270050,4327000000,64357156
007390,2025-03-13,16100,16210,15570,15580,522473,8249000000,64357156
007390,2025-03-14,15580,15850,15260,15770,428519,6707000000,64357156
007390,2025-03-17,15900,16360,15610,16360,358051,5731000000,64357156
007390,2025-03-18,16500,17200,16310,16830,573100,9580000000,64357156
007390,2025-03-19,16690,17100,16350,16990,388524,6481000000,64357156
007390,2025-03-20,17100,17200,16470,16490,325479,5451000000,64357156
007390,2025-03-21,16650,17230,16430,17110,723273,12319000000,64357156
007390,2025-03-24,22200,22200,22200,22200,159002,3529000000,64357156
007390,2025-03-25,28550,28850,26650,28850,5870137,166566000000,64357156
007390,2025-03-26,29500,29550,26000,26650,3629166,98562000000,64357156
007390,2025-03-27,25300,30650,24400,29100,7912435,223175000000,64357156
007390,2025-03-28,28300,29200,27400,28000,2025660,57214000000,64357156
007390,2025-03-31,27250,29450,27150,28500,2199656,62374000000,64357156
007390,2025-04-01,28600,28950,27900,28700,1344352,38334000000,64357156
007390,2025-04-02,29000,30350,28000,30350,2743756,80701000000,64357156
007390,2025-04-03,29250,30250,28850,29500,1592570,46863000000,64357156
007390,2025-04-04,28900,30000,28350,29600,1465222,42941000000,64357156
007390,2025-04-07,28500,29000,27500,28300,1208976,34380000000,64357156
007390,2025-04-08,28650,29050,27000,28100,1246091,34992000000,64357156
007390,2025-04-09,27850,30400,27500,30250,1962044,57320000000,64357156
007390,2025-04-10,30150,32150,29600,32000,2364980,73721000000,64357156
007390,2025-04-11,31750,32450,30850,32250,1418902,45015000000,64357156
007390,2025-04-14,31900,32100,30900,31400,1220201,38310000000,64357156
007390,2025-04-15,29700,29800,26600,27400,2396495,66245000000,64357156
007390,2025-04-16,28050,28400,25550,27050,914446,24708000000,64357156
007390,2025-04-17,26450,27900,25700,27250,1009705,27094000000,64357156
007390,2025-04-18,26500,27050,25950,26600,552457,14589000000,64357156
007390,2025-04-21,26350,27300,25150,25600,685646,17915000000,64357156
007390,2025-04-22,29250,33250,28250,33250,3441624,109541000000,64357156
007390,2025-04-23,34000,35700,30250,30500,5190673,168854000000,64357156
007390,2025-04-24,29950,30900,27550,27750,1861010,53655000000,64357156
007390,2025-04-25,28300,28600,27050,27750,944421,26259000000,64357156
007390,2025-04-28,27350,27650,26300,27050,849524,22770000000,64357156
007390,2025-04-29,26650,27050,26150,26500,591666,15694000000,64357156
007390,2025-04-30,27000,27200,25750,26200,659031,17332000000,64357156
007390,2025-05-02,25900,27850,25750,27700,714071,19342000000,64357156
007390,2025-05-07,27700,27750,26650,27000,526847,14244000000,64357156
007390,2025-05-08,26500,26700,25850,26050,631531,16507000000,64357156
007390,2025-05-09,26350,26450,25350,26150,359354,9321000000,64357156
007390,2025-05-12,25700,26900,25100,25350,564234,14577000000,64357156
007390,2025-05-13,25400,25450,24250,24550,640998,15842000000,64357156
007390,2025-05-14,24200,24500,23750,24450,562658,13539000000,64357156
007390,2025-05-15,24100,24850,23850,24200,439635,10641000000,64357156
007390,2025-05-16,23450,23950,23300,23450,389592,9152000000,64357156
007390,2025-05-19,23100,23550,22550,23500,455482,10453000000,64357156
007390,2025-05-20,23900,23900,23150,23200,309756,7272000000,64357156
007390,2025-05-21,24900,25200,23700,24250,729954,17796000000,64357156
007390,2025-05-22,23600,24850,23550,24200,449422,10921000000,64357156
007390,2025-05-23,24100,24500,23500,23700,292236,7027000000,64435056
007390,2025-05-26,23350,26700,23100,25800,1182881,29921000000,64435056
007390,2025-05-27,26100,26550,24850,25200,439982,11204000000,64435056
007390,2025-05-28,25200,26000,24900,25700,301966,7710000000,64435056
007390,2025-05-29,26000,26350,25400,26000,332822,8608000000,64435056
007390,2025-05-30,25800,26050,25200,26000,256743,6582000000,64435056
007390,2025-06-02,26500,27050,25850,26400,448198,11804000000,64435056
007390,2025-06-04,26100,27300,26000,26850,365869,9815000000,64435056
007390,2025-06-05,26850,27900,26250,26700,474731,12817000000,64435056
007390,2025-06-09,26450,26875,25950,26450,283060,7474000000,64435056
007390,2025-06-10,30550,30600,27000,27450,1126592,32105000000,64435056
007390,2025-06-11,27600,29750,27300,29250,932554,27022000000,64435056
007390,2025-06-12,29000,29500,28200,28800,571058,16488000000,64435056
007390,2025-06-13,28550,29100,28150,28850,419780,12007000000,64435056
007390,2025-06-16,28550,29000,28000,28050,373611,10622000000,64435056
007390,2025-06-17,27900,28400,27250,27800,354813,9885000000,64435056
007390,2025-06-18,27400,27700,27150,27450,246876,6754000000,64435056
007390,2025-06-19,27250,27450,26550,27000,330668,8868000000,64435056
007390,2025-06-20,27000,28450,26800,28150,680717,18980000000,64435056
007390,2025-06-23,27750,30500,27650,29900,1278738,37936000000,64435056
007390,2025-06-24,29750,31300,26500,28600,1398331,40972000000,64435056
007390,2025-06-25,28950,29100,28000,28550,369531,10541000000,64435056
007390,2025-06-26,32600,32650,28650,29400,1456552,43989000000,64435056
007390,2025-06-27,29450,30400,28150,29250,637781,18592000000,64435056
007390,2025-06-30,28500,28700,27650,27850,398487,11185000000,64435056
007390,2025-07-01,27900,29450,27700,28350,415050,11912000000,64435056
007390,2025-07-02,28250,28850,28050,28700,243966,6928000000,64435056
007390,2025-07-03,28350,28400,27550,27600,359930,10022000000,64435056
007390,2025-07-04,27600,28100,27200,27850,250897,6945000000,64435056
007390,2025-07-07,27650,28750,27650,28400,257235,7278000000,64435056
007390,2025-07-08,28850,29450,28200,28350,287127,8244000000,64435056
007390,2025-07-09,28050,28450,27350,27700,382037,10639000000,64435056
007390,2025-07-10,29400,29400,27650,27850,674262,19065000000,64435056
007390,2025-07-11,28050,28200,27550,27600,264305,7335000000,64435056
007390,2025-07-14,27550,27700,26500,26700,294756,7906000000,64435056
007390,2025-07-15,26300,27900,26300,27250,377636,10322000000,64435056
007390,2025-07-16,27050,27300,26650,27000,136122,3667000000,64435056
007390,2025-07-17,27050,27250,26600,27100,182834,4923000000,64435056
007390,2025-07-18,27100,27900,26950,27600,261754,7184000000,64435056
007390,2025-07-21,27450,28000,27150,27750,224236,6167000000,64435056
007390,2025-07-22,27450,27550,26800,27000,183147,4970000000,64435056
007390,2025-07-23,27100,28100,26800,28000,251352,6898000000,64435056
007390,2025-07-24,27550,28000,27250,27350,197675,5464000000,64435056
007390,2025-07-25,27500,27600,27050,27100,114421,3115000000,64435056
007390,2025-07-28,27100,29600,27100,28200,731668,20909000000,64435056
007390,2025-07-29,27850,30550,27800,29900,1000121,29587000000,64435056
007390,2025-07-30,30350,38000,30100,36900,5374459,189927000000,64435056
007390,2025-07-31,35250,39350,34400,37800,2666439,99435000000,64435056
007390,2025-08-01,36600,37350,34850,35400,949372,34049000000,64435056
007390,2025-08-04,37500,37550,34500,35600,819313,29380000000,64435056
007390,2025-08-05,36150,36900,34750,35300,624730,22372000000,64435056
007390,2025-08-06,24750,24750,24750,24750,110373,2731000000,64435056
007390,2025-08-07,21500,22500,18660,19520,6860907,137015000000,64435056
007390,2025-08-08,20200,20400,19650,20050,1820602,36601000000,64435056
007390,2025-08-11,20500,23550,20000,23050,4610556,101658000000,64435056
007390,2025-08-12,22250,22600,21500,21700,1478151,32462000000,64435056
007390,2025-08-13,21950,21950,20700,21450,1134638,24122000000,64435056
007390,2025-08-14,21350,21550,20800,21050,587106,12384000000,64435056
007390,2025-08-18,20850,20850,20050,20250,655201,13258000000,64435056
007390,2025-08-19,20000,21500,19620,19890,1309352,26459000000,64435056
007390,2025-08-20,19140,19300,18640,18830,861852,16291000000,64435056
007390,2025-08-21,19100,19940,18890,19260,752950,14622000000,64435056
007390,2025-08-22,19620,20850,19410,20750,1012332,20560000000,64435056
007390,2025-08-25,21350,21350,20450,20700,471073,9803000000,64435056
007390,2025-08-26,20450,20750,20300,20750,300067,6174000000,64435056
007390,2025-08-27,20600,20900,20200,20850,384277,7882000000,64435056
007390,2025-08-28,20700,21000,20550,20800,269230,5591000000,64435056
007390,2025-08-29,21100,21250,20600,21050,284764,5939000000,64435056
007390,2025-09-01,20900,21100,20400,20600,277530,5746000000,64435056
007390,2025-09-02,20700,20850,20150,20850,278489,5723000000,64435056
007390,2025-09-03,20850,21150,20650,21000,268169,5607000000,64435056
007390,2025-09-04,20950,22000,20950,21800,675516,14641000000,64435056
007390,2025-09-05,21850,21850,21000,21200,460940,9802000000,64435056
007390,2025-09-08,21500,22800,21350,22300,894167,19805000000,64435056
007390,2025-09-09,22250,22900,22050,22650,436209,9822000000,64435056
007390,2025-09-10,22900,23000,22450,22700,370368,8409000000,64435056
007390,2025-09-11,23050,23950,22800,23100,663246,15435000000,64435056
007390,2025-09-12,23200,24450,22800,24350,641874,15181000000,64435056
007390,2025-09-15,25500,25550,23700,24250,869221,21422000000,64435056
007390,2025-09-16,24150,25150,21200,21550,2304080,52136000000,64435056
007390,2025-09-17,21050,21600,20800,21400,668307,14192000000,64435056
007390,2025-09-18,21550,21550,20900,21100,466038,9838000000,64435056
007390,2025-09-19,21000,21100,20500,20950,542753,11273000000,64435056
007390,2025-09-22,20800,20800,20350,20650,399695,8237000000,64435056
007390,2025-09-23,20750,21275,20600,20850,381976,7971000000,64435056
007390,2025-09-24,20800,20850,20350,20500,301304,6186000000,64435056
007390,2025-09-25,20350,20400,20200,20350,235361,4773000000,64435056
007390,2025-09-26,20250,20400,19750,20200,369732,7418000000,64435056
007390,2025-09-29,20200,20650,20200,20200,179021,3653000000,64435056
007390,2025-09-30,20300,20600,20150,20450,145247,2960000000,64435056
007390,2025-10-01,20250,20400,20050,20250,157318,3179000000,64435056
007390,2025-10-02,20200,20600,20100,20400,215974,4398000000,64435056
007390,2025-10-10,20200,20650,19900,20550,358486,7243000000,64435056
007390,2025-10-13,20050,20450,18050,20100,747263,14675000000,64435056
007390,2025-10-14,20050,20200,19390,19640,431451,8536000000,64435056
007390,2025-10-15,19800,20600,19800,20450,296520,6011000000,64435056
007390,2025-10-16,20300,22000,20175,21350,870736,18416000000,64435056
007390,2025-10-17,22900,24450,21700,23400,2226727,51722000000,64435056
007390,2025-10-20,26100,28700,25150,27950,2945744,80988000000,64435056
007390,2025-10-21,28000,28300,25600,26250,1559148,41706000000,64435056
007390,2025-10-22,25350,25700,24500,24600,869105,21754000000,64435056
007390,2025-10-23,24150,24750,23800,24250,567059,13712000000,64435056
007390,2025-10-24,24350,25200,24250,24800,410989,10163000000,64435056
007390,2025-10-27,25000,25350,24000,25250,502072,12526000000,64435056
007390,2025-10-28,25300,25450,24500,25200,373442,9319000000,64435056
007390,2025-10-29,26350,26550,25400,25600,632749,16390000000,64435056
007390,2025-10-30,25000,25650,24700,24800,382860,9603000000,64435056
007390,2025-10-31,24900,25200,24400,24700,271050,6730000000,64435056
007390,2025-11-03,25000,25100,24300,24750,341704,8418000000,64435056
007390,2025-11-04,24350,24750,24050,24550,383210,9379000000,64435056
007390,2025-11-05,25000,25400,23550,25150,585847,14341000000,64435056
007390,2025-11-06,25250,25550,24500,24700,270927,6725000000,64435056
007390,2025-11-07,24350,24800,23950,24800,231246,5631000000,64435056
007390,2025-11-10,25550,26150,25100,25800,581881,14903000000,64435056
007390,2025-11-11,26100,26700,25150,25950,642049,16684000000,64435056
007390,2025-11-12,26100,27450,25750,26950,647099,17235000000,64435056
007390,2025-11-13,27150,29600,26850,28750,1683434,48299000000,64435056
007390,2025-11-14,28050,28700,27050,27300,664857,18405000000,64435056
007390,2025-11-17,28050,28150,25850,27650,560767,15129000000,64435056
007390,2025-11-18,27650,28050,26450,26750,421247,11376000000,64435056
007390,2025-11-19,27100,27750,26250,27400,378377,10196000000,64435056
007390,2025-11-20,27200,27850,26700,26900,455756,12420000000,64435056
007390,2025-11-21,25200,25400,23250,23550,1057054,25322000000,64435056
007390,2025-11-24,23650,24150,22150,22300,554130,12678000000,64435056
007390,2025-11-25,22400,22450,20900,21400,712785,15282000000,64435056
007390,2025-11-26,21250,21500,20750,21100,420460,8885000000,64435056
007390,2025-11-27,21150,21350,20750,21300,329976,6929000000,64435056
007390,2025-11-28,21250,22400,21000,22200,487520,10721000000,64435056
007390,2025-12-01,22400,24100,22250,22950,753866,17559000000,64435056
007390,2025-12-02,22900,23550,22450,23450,318159,7331000000,64435056
007390,2025-12-03,23350,23550,22700,22800,281781,6497000000,64435056
007390,2025-12-04,22600,23000,22050,22250,368450,8251000000,64435056
007390,2025-12-05,22500,22750,22200,22350,263336,5902000000,64435056
007390,2025-12-08,22200,22650,21600,21950,373347,8191000000,64435056
007390,2025-12-09,21800,22300,21650,22000,212774,4685000000,64435056
007390,2025-12-10,22050,22550,21900,22150,223251,4937000000,64435056
007390,2025-12-11,22250,22400,21700,21900,364972,8029000000,64435056
007390,2025-12-12,21950,22300,21750,22250,168759,3712000000,64435056
007390,2025-12-15,24150,24300,22350,23000,1100995,25626000000,64435056
007390,2025-12-16,22900,23200,22500,22900,409866,9350000000,64435056
007390,2025-12-17,22650,22900,22450,22650,251951,5691000000,64435056
007390,2025-12-18,22200,22300,21750,21900,279030,6137000000,64435056
007390,2025-12-19,22050,22350,21700,22100,265854,5864000000,64435056
007390,2025-12-22,22250,22700,22000,22400,327653,7346000000,64435056
007390,2025-12-23,22550,22900,22300,22800,305620,6917000000,64435056
007390,2025-12-24,22600,22800,22050,22250,255421,5682000000,64435056
007390,2025-12-26,22050,22200,21550,21900,354634,7742000000,64435056
007390,2025-12-29,22000,22300,21650,22050,248961,5486000000,64435056
007390,2025-12-30,22000,22150,21800,21800,194787,4278000000,64435056
